"VCS_block","VCS_COUNT","VCS_MED_ADJ_SALES_PRICE","VCS_MED_ADJ_SALES_RATIO","VCS_PERCENT_ASIAN","VCS_PERCENT_BLACK","VCS_PERCENT_HISPANIC","VCS_PERCENT_WHITE","VCS_DISPLAY_MED_SALES_RATIO"
"C738D",8,304855.842185129,0.577781095037847,2.652197643375,16.62580554125,32.66956652,39.317581785,0.611723981143552
"C831C",13,213438.256658596,0.397278354854137,1.88267517507692,53.6025550261538,26.7634561846154,15.1966060805385,0.494337254901961
"C832L",5,232685.887708649,0.573820231707317,0,26.38504155,51.10803324,21.32963989,0.588142857142857
"D708A",19,311077.389984826,0.570633351436753,16.01343785,4.479283315,1.511758119,74.41209406,0.664825925925926
"D709B",9,292412.746585736,0.490627118644068,0,25.96491228,26.9005848,44.09356725,0.579829181494662
"D709C",9,620460.04842615,0.663460304878049,7.371167645,11.2198304,6.196999348,74.36399217,0.764126923076923
"D718A",31,660169.491525424,0.617215213989876,8.610086101,21.52521525,0,68.94218942,0.692251063829787
"D718B",44,193753.117206983,0.596395,2.011680727,66.32057106,3.958468527,26.47631408,0.662648756756757
"D719A",39,194264.33915212,0.438582811296534,5.501330967,8.42945874,7.808340728,77.01863354,0.468495238095238
"D739A",13,196600.91047041,0.49078487804878,0,95.77384352,0,4.226156482,0.50635
"D747A",46,270947.630922693,0.621964082025622,34.10672854,30.9579052,1.491547895,31.15677826,0.726937585929828
"D798A",12,1096547.79969651,0.716177073441734,0.61462815,2.274124155,0,87.95328826,0.763093333333333
"D798C",23,584825.493171472,0.731027648298705,0.61462815,2.274124155,0,87.95328826,0.755499241274659
"D798D",5,450000,0.665101991692406,0.61462815,2.274124155,0,87.95328826,0.661635555555556
"D798E",39,497000,0.748112537088257,0.61462815,2.274124155,0,87.95328826,0.800840425531915
"D798F",41,470324.189526185,0.754901308630394,0.61462815,2.274124155,0,87.95328826,0.801389743589744
"D798G",29,271016.949152542,0.571115100242625,16.01343785,4.479283315,1.511758119,74.41209406,0.644114624505929
"D798H",79,281172.069825436,0.517027238394965,16.01343785,4.479283315,1.511758119,74.41209406,0.543916363636364
"D802A",16,422044.887780549,0.504988455623306,6.420545746,3.531300161,0,85.71428571,0.516322361111111
"D810A",5,268902.743142145,0.472274840025967,22.3880597,32.46268657,3.731343284,29.85074627,0.482874524714829
"D811A",10,237206.982543641,0.47987178677014,14.40329218,1.783264746,3.223593964,76.54320988,0.488521934460888
"D812B",9,330000,0.529490909090909,10.77981651,42.66055046,17.66055046,27.06422018,0.557841935483871
"D812D",8,385735.963581184,0.630607904401458,35.95419847,10.15267176,10.61068702,41.3740458,0.745228849590469
"D821C",11,625000,0.7126128,3.223443223,9.377289377,6.373626374,74.72527473,0.77626968973747
"D821E",6,183535.660091047,0.664546814269694,0,26.24179944,28.39737582,28.49109653,0.812886666666667
"D821I",6,723827.374369413,0.693168370698641,3.223443223,9.377289377,6.373626374,74.72527473,0.777305521036748
"D821J",9,749515.738498789,0.802062595121951,5.31358885,8.536585366,3.135888502,65.67944251,0.817102173913044
"D821K",68,806349.878934625,0.983112818866349,3.223443223,9.377289377,6.373626374,74.72527473,0.975971563523495
"D821S",43,390713.201820941,0.774066871264739,2.336448598,32.57676903,6.608811749,56.00801068,0.919187692307692
"D822A",50,164000,0.678506738544474,1.254064097,42.63817928,29.07570831,15.09521598,0.678506738544474
"D822C",39,250000,0.48528518902439,2.480916031,7.951653944,8.905852417,69.91094148,0.527375545851528
"D822I",26,427731.411229135,0.793076884097368,5.31358885,8.536585366,3.135888502,65.67944251,0.840456412529551
"D822L",6,1318968.13353566,0.83055016100276,2.480916031,7.951653944,8.905852417,69.91094148,0.95261737704918
"D822U",23,425336.658354115,0.960945203592203,12.82431431,6.152705708,10.15567087,61.00815419,0.982512552301255
"D831D",5,373292.867981791,0.664642424242424,3.223443223,9.377289377,6.373626374,74.72527473,0.731106666666667
"D831K",25,369794.188861985,0.904806860896539,3.223443223,9.377289377,6.373626374,74.72527473,0.9312
"D834V",11,415000,0.740331182795699,0,61.07544141,3.451043339,28.81219904,0.773624685138539
"D840A",14,130416.060333428,0.471331494866602,0,15.98101266,67.7742616,14.50421941,0.481910007220217
"D841A",10,71547.7996965099,0.397605339419582,0,30.72143597,55.36762168,10.52813255,0.494744124922696
"R707B",18,729445.137157107,0.676589030721328,16.01343785,4.479283315,1.511758119,74.41209406,0.716875387931035
"R707D",82,739794.188861985,0.56102905610471,20.94517958,7.069943289,1.890359168,65.86011342,0.57436219832736
"R707F",6,529376.513317191,0.589866165804385,15.4331309533333,7.77548942366667,1.67411674,69.6789490666667,0.630488599695586
"R707U",20,852500,0.472996322003391,20.94517958,7.069943289,1.890359168,65.86011342,0.469560513368984
"R708A",44,591358.118361153,0.598907393223706,10.8844647309091,2.93102845731818,0.206148834409091,85.4897088913636,0.627953672316384
"R708C",54,577192.045692534,0.608132012593464,10.07462687,2.686567164,0,87.23880597,0.677653684934599
"R708D",9,472837.632776935,0.86855607830552,7.371167645,11.2198304,6.196999348,74.36399217,0.93659649122807
"R708F",15,925000,0.662834594594595,8.610086101,21.52521525,0,68.94218942,0.668860606060606
"R708G",7,526558.603491272,0.553953649887563,0,20.25316456,4.068716094,70.70524412,0.6282825
"R708R",16,593141.57701346,0.638219576304496,7.371167645,11.2198304,6.196999348,74.36399217,0.73772358490566
"R709A",14,818133.535660091,0.618469401870487,0.61462815,2.274124155,0,87.95328826,0.659063974358974
"R709B",12,1355250,0.473199837356044,0.61462815,2.274124155,0,87.95328826,0.527479512452512
"R709C",15,694915.254237288,0.612745219512195,7.371167645,11.2198304,6.196999348,74.36399217,0.60964121037464
"R709D",17,441729.893778452,0.630911125121591,7.371167645,11.2198304,6.196999348,74.36399217,0.662039024390244
"R709E",14,404700.303490137,0.530034196474541,7.371167645,11.2198304,6.196999348,74.36399217,0.581195607043559
"R709F",13,393201.820940819,0.667641231775446,0.446899852230769,25.70946509,24.8313090461538,46.1138171615385,0.684658227848101
"R709G",12,720411.471321696,0.553084601249612,0,25.96491228,26.9005848,44.09356725,0.603299235598963
"R709H",9,805000,0.625847588237432,0,25.96491228,26.9005848,44.09356725,0.72345035971223
"R709I",8,601623.672230653,0.627663432607721,5.809698079,22.64409881,0,70.3568161,0.701827088840363
"R709J",5,690591.805766313,0.556337644817073,5.809698079,22.64409881,0,70.3568161,0.69225625
"R709K",13,605000,0.527017962962963,5.809698079,22.64409881,0,70.3568161,0.59930297029703
"R709L",28,778103.31918388,0.641354012125035,5.809698079,22.64409881,0,70.3568161,0.695289988306274
"R709M",16,482169.95447648,0.572629073774591,5.809698079,22.64409881,0,70.3568161,0.668408392181589
"R709P",8,937500,0.290490811965812,5.809698079,22.64409881,0,70.3568161,0.290490811965812
"R709Q",6,633577.389984826,0.611969634613037,5.809698079,22.64409881,0,70.3568161,0.664191966893866
"R709R",21,468571.428571429,0.621272145232816,5.20259627571429,18.8390111204762,5.11962662380952,61.6296096819048,0.638105834464043
"R709S",6,1153000,0.451733532934132,0,25.96491228,26.9005848,44.09356725,0.451733532934132
"R717B",9,1886198.5472155,0.635423913043478,20.94517958,7.069943289,1.890359168,65.86011342,0.71826125
"R717C",46,718772.624584215,0.575825846053832,9.922113105,19.77649848,1.896376566,62.71588215,0.606360896925859
"R717D",43,836359.102244389,0.614473705124692,9.922113105,19.77649848,1.896376566,62.71588215,0.680078125
"R717F",38,627754.172989378,0.563589694359756,20.94517958,7.069943289,1.890359168,65.86011342,0.617778701955121
"R717G",69,560000,0.561185642444053,20.94517958,7.069943289,1.890359168,65.86011342,0.5842
"R717H",10,708207.627118644,0.567569127660043,9.922113105,19.77649848,1.896376566,62.71588215,0.637456124342716
"R717J",12,765619.848683376,0.616378995514438,9.922113105,19.77649848,1.896376566,62.71588215,0.64281611423679
"R717K",59,751562.974203338,0.780123918926184,9.922113105,19.77649848,1.896376566,62.71588215,0.965953138075314
"R718A",9,675000,0.536362319496043,20.94517958,7.069943289,1.890359168,65.86011342,0.547764790764791
"R718B",30,549185.798780742,0.548465461115873,12.67710664,8.128262491,1.565995526,71.58836689,0.582647160282066
"R718C",8,436288.675702785,0.554233726995565,12.155584526,26.07789913,1.129943503,57.70434807,0.570507361111111
"R718D",101,491502.276176024,0.557279143631436,4.94242908078218,22.5371338619802,3.30206654516832,67.3008073773267,0.595637931034483
"R718E",13,434538.653366584,0.565919833938765,6.272273699,40.62722737,12.40199572,27.44119743,0.593694117647059
"R718F",29,416843.702579666,0.52439756097561,6.272273699,40.62722737,12.40199572,27.44119743,0.585837837837838
"R718G",7,360849.772382398,0.612684327165685,2.011680727,66.32057106,3.958468527,26.47631408,0.70051875
"R718H",19,442352.048558422,0.63784578313253,12.67710664,8.128262491,1.565995526,71.58836689,0.690145
"R718I",7,460099.750623441,0.554382294096854,15.38461538,23.45523329,0,58.0075662,0.629995555555556
"R718J",6,534096.960987362,0.710819027305306,8.926553672,28.70056497,2.259887006,57.40112994,0.759035297619048
"R718K",6,427953.2768988,0.676326948646579,8.926553672,28.70056497,2.259887006,57.40112994,0.73942378775284
"R719A",33,543763.277693475,0.558886064301552,5.82010582,23.28042328,6.084656085,54.4973545,0.59980888030888
"R719B",12,507056.145675266,0.597085650540645,6.588579795,46.41288433,0,46.99853587,0.682268860560966
"R719C",33,1216708.22942643,0.53142472804878,3.072870939,0,3.248463565,85.95258999,0.59342
"R719D",8,485280.728376328,0.580466678717402,1.152326602125,16.96145723125,1.944150605625,76.384808365,0.644648346275525
"R719E",26,1181047.04097117,0.582669363586215,2.43252534419231,0.460223537038461,3.02106656973077,88.1094206261538,0.61388024600939
"R719F",91,1078678.3042394,0.560083065896448,0.858700732164835,10.8452384495055,2.51281766372527,83.7744816697802,0.61345641025641
"R719G",24,454786.858803602,0.555704669230942,1.963439404,39.47190251,3.588354773,46.58090724,0.614709070294785
"R719H",12,532253.414264036,0.593407662617777,0,27.13833157,1.16156283,70.64413939,0.706361759540696
"R719I",22,359352.566989204,0.516622748805011,5.501330967,8.42945874,7.808340728,77.01863354,0.589348629385965
"R719J",26,472690.149625935,0.530202099131528,1.963439404,39.47190251,3.588354773,46.58090724,0.550856901646264
"R719K",16,540413.358342488,0.503974742572062,1.405975395,7.029876977,6.590509666,79.61335677,0.539109021449668
"R719L",25,643308.042488619,0.558606126444159,3.51126616552,35.16839522792,3.4252681238,49.5389690724,0.580637209302326
"R727A",13,436130.500758725,0.7058326271777,12.0211124093846,20.1924800098462,3.83084730938462,59.2165511169231,0.814785897435897
"R727B",65,581714.719271624,0.596993939393939,5.21148549844616,39.6340120476923,1.83217122683077,46.7230265307692,0.628120388349515
"R727C",30,493251.138088012,0.548154188803385,8.01618270766667,33.529854836,1.17012111626667,53.879063546,0.604125076551168
"R727D",64,622300.150275382,0.586543161588698,9.28358441129688,26.5342547904688,1.55194949267188,57.6767032870313,0.623633548219927
"R727E",27,659484.06676783,0.558106086956522,4.08711604274074,48.3003764025926,1.49263536566667,40.1328582651852,0.607468120805369
"R727F",61,496368.03874092,0.5531475488109,0.72815534,17.31391586,3.478964401,71.60194175,0.589085255767302
"R727G",188,386451.516899551,0.545130769308638,2.73983628917021,22.166272403617,7.69697226764894,60.1010796579787,0.582903570679373
"R727I",7,408977.556109726,0.657163201219512,5.98184549142857,18.7211059285714,2.57462849528571,66.5241934071429,0.6719125
"R727K",5,563000,0.545338769458858,10.6397836908,31.189114538,6.6055866792,48.51540616,0.610911602209945
"R728B",12,654002.928349139,0.533865261131565,11.783785409,27.924252605,19.904563395,38.51455483,0.5969175
"R728C",23,486440.677966102,0.546074907084785,16.81547619,24.35515873,28.67063492,30.15873016,0.562057761732852
"R728D",18,594588.358390821,0.552749782505377,16.81547619,24.35515873,28.67063492,30.15873016,0.614800637404027
"R729A",111,477000,0.544552144823005,6.1600248067027,26.4318182916216,2.19531075226126,62.9363960224324,0.5921525
"R729B",45,388528.678304239,0.540288,10.0776329571111,4.82553210191111,3.77995191517778,74.2116658024444,0.564502127659574
"R729C",25,671089.588377724,0.550910236220472,1.405975395,7.029876977,6.590509666,79.61335677,0.579957100591716
"R729D",203,467860.394537178,0.547870097560976,7.21569360129064,26.5124829770936,5.3586092149064,58.4478391718227,0.602141176470588
"R729E",13,485280.728376328,0.540908411214953,21.55207077,39.20386007,9.288299156,28.58866104,0.574049504950495
"R729G",13,385735.963581184,0.518210368980613,21.55207077,39.20386007,9.288299156,28.58866104,0.521564803804994
"R729H",13,480000,0.538279790130459,21.55207077,39.20386007,9.288299156,28.58866104,0.555063157894737
"R729I",27,352139.605462822,0.585965714285714,12.5052403449259,38.891856630037,9.22946468385185,35.4201659396296,0.639593333333333
"R729J",62,293952.618453865,0.549925372405862,0.417469493,54.49582531,28.19524727,15.54271034,0.60237393383056
"R729K",11,497723.823975721,0.558815190243902,0,79.76625274,6.939371804,13.29437546,0.576528155339806
"R729L",10,532010.606051457,0.538963705301549,2.52293578,42.35474006,16.13149847,36.16207951,0.556941831775701
"R729M",109,387506.234413965,0.54312131664776,2.81709184763303,53.8720315342202,12.2152942922385,29.6705544755046,0.60805
"R729N",14,415043.521073459,0.503767706031162,0.417469493,54.49582531,28.19524727,15.54271034,0.526067496476523
"R729O",32,440000,0.521853956996149,21.55207077,39.20386007,9.288299156,28.58866104,0.53738
"R729P",8,314376.467389507,0.620776885670732,0,79.76625274,6.939371804,13.29437546,0.713572440586396
"R729Q",7,425000,0.547009411764706,6.157965194,26.17135207,2.008032129,63.58768407,0.562048192771084
"R729R",10,370252.184309203,0.566981199054625,6.157965194,26.17135207,2.008032129,63.58768407,0.601831630824373
"R729S",31,394446.130500759,0.760888757506116,2.32172471,64.59369818,7.711442786,11.35986733,0.946781155015198
"R738A",43,451408.97755611,0.556722469898117,1.861832435,31.50416463,5.634492896,55.41401274,0.584133333333333
"R738B",32,423689.732421602,0.527761951367365,1.861832435,31.50416463,5.634492896,55.41401274,0.576265855614973
"R739A",7,367071.320182094,0.51289144605503,0,95.77384352,0,4.226156482,0.604935593220339
"R739B",69,297820.823244552,0.594016673018293,14.5333407554348,32.4686820576812,12.6880162254493,37.102688915942,0.642969072164948
"R739C",23,427420.33383915,0.598558327120389,21.79824561,39.69298246,0,37.93859649,0.640754672897196
"R739D",35,337530.266343826,0.531992600712524,3.03327411485714,58.1524858097143,10.0896308354857,23.2416940825714,0.578878048780488
"R739E",23,461000,0.547139533442521,2.38296286173913,57.8253196217391,10.2740684289565,18.9083666891304,0.554841860465116
"R747A",37,513244.552058111,0.548140255696561,34.10672854,30.9579052,1.491547895,31.15677826,0.568370833333333
"R747D",11,633915.211970075,0.573581152993348,16.47244094,26.77165354,10.67716535,43.46456693,0.642603225806452
"R747E",26,550340.326544414,0.592341554602259,16.47244094,26.77165354,10.67716535,43.46456693,0.619721196172249
"R748A",132,587298.597209556,0.614126387913986,10.24868124,31.98944989,1.620195931,50.03767898,0.629990029411765
"R749B",12,452091.641155079,0.572902813361381,10.24868124,31.98944989,1.620195931,50.03767898,0.63032178392181
"R749C",49,415000,0.54419917728431,10.24868124,31.98944989,1.620195931,50.03767898,0.589301298701299
"R757A",6,301745.068285281,0.744307177794834,11.2859745233333,31.119817165,3.12969083416667,48.942160305,0.842586834733894
"R758A",26,626493.550834598,0.672048726078799,7.96812749,44.09030544,2.921646746,41.03585657,0.712114514928459
"R759A",9,515144.157814871,0.538280904570211,0,38.58490566,24.62264151,32.83018868,0.623610869565217
"R759B",20,494248.445653696,0.533980046122577,10.24868124,31.98944989,1.620195931,50.03767898,0.568716313275522
"R759C",33,495235.204855842,0.550997222222222,4.281891169,21.67707404,2.943800178,61.46297948,0.587322645290581
"R759D",37,394446.130500759,0.567017361731364,4.281891169,21.67707404,2.943800178,61.46297948,0.635893150684931
"R759E",34,372148.910411622,0.549622104381276,3.91861341529412,39.8171047723529,4.453919068,43.7662128844118,0.587935135135135
"R759F",15,380860.349127182,0.501678097078,10.24868124,31.98944989,1.620195931,50.03767898,0.516008333333333
"R759G",30,432867.679057288,0.600219150098255,0,44.66279589,6.208128629,39.88387673,0.620078772231784
"R769A",52,404132.971819314,0.65232669445886,5.23220926584615,13.7683342343077,4.14589135678846,73.4626797369231,0.662752222222222
"R769B",80,660243.142144638,0.76033554617611,11.81364393,21.21464226,4.076539101,61.64725458,0.770825155724673
"R769C",221,591047.040971168,0.636563404255319,2.031694433,4.794798862,14.38439659,78.78911012,0.683292857142857
"R769D",236,416949.152542373,0.755632431335712,2.912621359,13.03744799,2.357836338,75.17337032,0.760684915899534
"R769E",26,702439.301972686,0.819025221138211,2.031694433,4.794798862,14.38439659,78.78911012,0.948366006441224
"R769M",24,629009.709382717,0.586472506755683,11.81364393,21.21464226,4.076539101,61.64725458,0.608804399554083
"R769N",45,510199.501246883,0.836890260162602,11.81364393,21.21464226,4.076539101,61.64725458,0.881420841683367
"R769V",41,524164.648910412,0.56623148267009,11.81364393,21.21464226,4.076539101,61.64725458,0.562118421052632
"R779A",36,385367.981790592,0.520505508768332,11.5663933030278,20.9874979747222,4.02879735758333,62.0229800172222,0.564290010074552
"R779B",24,458299.875311721,0.530945889430685,11.81364393,21.21464226,4.076539101,61.64725458,0.56645
"R779C",36,453861.91198786,0.535250454423951,11.81364393,21.21464226,4.076539101,61.64725458,0.578852363977486
"R779H",23,526150.121065375,0.607632825203252,11.81364393,21.21464226,4.076539101,61.64725458,0.70108138238573
"R797A",15,750000,0.667878819512195,16.01343785,4.479283315,1.511758119,74.41209406,0.673360248447205
"R798B",6,321377.805486284,0.553656594206667,16.01343785,4.479283315,1.511758119,74.41209406,0.553656594206667
"R798C",8,1137344.13965087,0.702133329326605,0.61462815,2.274124155,0,87.95328826,0.728121535837794
"R798E",44,1270514.53309064,0.612933909350856,0.61462815,2.274124155,0,87.95328826,0.651200516934046
"R799A",20,544248.103186646,0.441378610841648,0,20.25316456,4.068716094,70.70524412,0.516979122621565
"R800A",15,460394.537177542,0.580886849807445,14.19753086,20.37037037,0.396825397,53.92416226,0.624768374164811
"R800B",67,526558.603491272,0.596261535278746,11.2314354333134,10.9405514788358,0.468556687432836,71.884525279403,0.630376315789474
"R800C",32,667342.690489273,0.548324222957687,9.47224993109375,11.4160495957812,0.08680555559375,75.9468946115625,0.602298723342521
"R800D",5,464600.484261501,0.601296189987163,8.149171271,8.908839779,0,82.11325967,0.596928421052632
"R800E",21,828179.551122195,0.58712630532972,8.149171271,8.908839779,0,82.11325967,0.626136774193548
"R800F",11,755000,0.625205298013245,14.40329218,1.783264746,3.223593964,76.54320988,0.645478092783505
"R800G",36,796623.672230653,0.634234117390859,14.19753086,20.37037037,0.396825397,53.92416226,0.672477697185174
"R801A",27,690000,0.56905581598255,10.9975326,12.19598167,0,70.46175538,0.626925
"R801B",7,686858.877086495,0.570018420957543,10.9975326,12.19598167,0,70.46175538,0.582811851851852
"R801C",8,666638.846737481,0.572289786902818,10.9975326,12.19598167,0,70.46175538,0.570243353617309
"R801D",10,567080.060140206,0.581668358496584,10.9975326,12.19598167,0,70.46175538,0.598955898520084
"R801E",19,576000,0.602405405405405,14.0447911715789,2.87934021168421,2.88426828357895,75.9030567747369,0.669255172413793
"R801F",35,874600.484261501,0.660534806592325,10.9975326,12.19598167,0,70.46175538,0.658720151610866
"R801I",10,618162.745667182,0.555059745451026,10.9975326,12.19598167,0,70.46175538,0.618894884917175
"R801J",7,1099127.18204489,0.546105136698809,10.9975326,12.19598167,0,70.46175538,0.608656888888889
"R802A",11,771471.927162367,0.591764730333219,6.420545746,3.531300161,0,85.71428571,0.637864788732394
"R802B",78,488220.338983051,0.592357850235191,7.01462075420513,20.2857624356026,8.77859121594872,61.501836949359,0.651210415672162
"R802C",26,368684.888688749,0.560811479369155,10.0533548796923,39.3072464330769,15.2383833784615,32.1446869753846,0.579568570448504
"R803A",39,371000,0.599177443655449,0,6.994047619,18.75,69.64285714,0.63699104477612
"R803B",21,744552.05811138,0.566535268292683,2.490421456,15.90038314,2.011494253,62.2605364,0.569652173913043
"R803C",48,390799.821433164,0.622500648328787,2.28288633466667,15.14602724325,2.13652410708333,64.1543942458333,0.67460051908397
"R803E",18,400144.432166927,0.58676199049651,0,11.2241431297778,0.780411667111111,86.9613997433333,0.605776621808144
"R803F",31,476513.317191283,0.548690697674419,0,7.9370785566129,2.83213911451613,85.4781979990322,0.568607683352736
"R803G",49,350000,0.582350204081633,0,9.58087671212245,6.01909906481633,84.1354484434694,0.65755
"R804A",71,506295.399515739,0.56768064578714,0.366808530591549,19.1246174473239,11.641310502493,63.1190253991549,0.61536
"R804B",13,507678.300455235,0.54536743010113,0,24.7626066192308,15.0654276630769,58.2886276123077,0.577856899488927
"R804C",9,435508.345978756,0.517173111243308,0,24.7565359533333,15.4762556311111,57.8868536088889,0.582171428571429
"R805A",18,521005.31107739,0.5099300757881,0,24.79240807,13.04863582,60.26097272,0.557153587056656
"R810A",14,754457.51138088,0.520496652713689,4.024496938,14.17322835,10.93613298,69.37882765,0.573496375661376
"R810B",5,690591.805766313,0.640980672379697,0,5.555555556,42.85714286,48.73015873,0.710608895705521
"R810D",8,523668.280871671,0.592988599534982,0,41.46505376,27.62096774,30.91397849,0.643719788702195
"R810G",23,398179.059180577,0.475999127035518,0,56.99588477,4.218106996,38.78600823,0.537213953488372
"R810H",13,690149.625935162,0.539063785907859,0,33.2541943635385,22.051508164,43.3756161530769,0.644719047619048
"R810I",7,584825.493171472,0.572152336593096,0,27.6014109334286,26.2975560611429,44.4683799442857,0.672542553191489
"R810J",14,385735.963581184,0.59688851940133,0,27.13833157,1.16156283,70.64413939,0.615204141865079
"R810K",172,487515.675908862,0.607019629147643,1.22311106693605,16.8254868806628,15.9161700560814,60.670696997907,0.682077908961593
"R810M",20,393640.897755611,0.552317475694553,4.024496938,14.17322835,10.93613298,69.37882765,0.574441558441558
"R810N",11,410622.15477997,0.507782061788618,0,12.40875912,2.773722628,79.27007299,0.576506527415144
"R810S",5,628802.992518703,0.652177239738251,0,56.99588477,4.218106996,38.78600823,0.677854545454545
"R811A",45,817955.112219451,0.611449305449029,4.44858266057778,1.16630219733333,1.262105592,92.1953005466667,0.639880821917808
"R811B",17,815022.761760243,0.657183490182031,13.835748124,2.13607151547059,3.03397078964706,76.5838110276471,0.691305825242718
"R811C",13,6e+05,0.58757384736428,14.40329218,1.783264746,3.223593964,76.54320988,0.600761290322581
"R811D",8,491014.44331061,0.58723181537348,14.40329218,1.783264746,3.223593964,76.54320988,0.600887036510194
"R811F",115,451062.215477997,0.652975925925926,6.68480268818261,11.6323914247913,1.80127943924348,66.952525096,0.718632352941176
"R811G",17,754479.418886199,0.653861643132221,0,26.24179944,28.39737582,28.49109653,0.672675324675325
"R811H",24,513277.693474962,0.555437076306364,0,26.24179944,28.39737582,28.49109653,0.584886502801231
"R812A",10,295416.966059428,0.475557353318734,0,63.12456017,23.78606615,8.092892329,0.54772243313201
"R812C",8,461626.434672045,0.534593101613833,2.624671916,2.755905512,5.774278215,82.80839895,0.580493900591106
"R812E",8,416818.093303009,0.598243421969352,12.4201278,41.33386581,7.068690096,34.94408946,0.629249565736012
"R813A",37,572568.578553616,0.562301913916786,0.136182694324324,17.6253832308919,4.14260033145946,73.7847713372973,0.603629032258065
"R813B",51,680024.21307506,0.630926864590876,0.407830021647059,7.52812757452941,4.01264899972549,83.7574803629412,0.630926864590876
"R813C",89,903389.830508475,0.617693539762891,6.20247266167416,14.6927210534831,7.25076096294382,69.7939949682022,0.661389795918367
"R813G",14,935054.947881264,0.60676171287976,3.13186813178571,22.1381578921429,2.71291208764286,71.4676113357143,0.67449936134154
"R813H",11,790000,0.654483605378361,0.541483665272727,8.499522317,5.64099718345455,83.9418507754545,0.649729487179487
"R813L",23,915087.281795511,0.59582609913454,8.769230769,16,3.846153846,69.84615385,0.591498064516129
"R814B",10,662182.04488778,0.591824387392525,2.978160159,3.904698875,3.37524818,83.38848445,0.589621595580678
"R814C",8,332506.04520565,0.579705009678668,0,47.63979666,13.7254902,37.69063181,0.636733679558011
"R814D",18,441729.893778452,0.494415285428164,1.10398020594444,5.81188230522222,6.75479092261111,71.68360318,0.600115588303016
"R814E",34,487830.42394015,0.540030673234126,2.978160159,3.904698875,3.37524818,83.38848445,0.588082193311686
"R814F",12,453266.953681172,0.547423184072794,1.085141903,9.18196995,0.667779633,76.79465776,0.577188013196481
"R814G",15,613466.334164589,0.540451825203252,0,0,9.262166405,62.95133438,0.571716981132075
"R814H",9,370000,0.545414670333647,8.769230769,16,3.846153846,69.84615385,0.570889189189189
"R814I",5,724697.336561743,0.574969685933846,2.978160159,3.904698875,3.37524818,83.38848445,0.571151773049645
"R815A",30,521316.412358933,0.580706004222643,0.5425709515,32.79611318,3.66722315,55.723336205,0.614982275132275
"R815B",30,489348.394945867,0.564044788226317,0.940456315933333,11.7183910506667,1.6406645534,73.062259994,0.613816481012658
"R815F",6,227581.047381546,0.507733359544573,0,33.06421976,8.69909054666667,52.06940665,0.537309260832625
"R815G",9,429286.798179059,0.502137519669552,0,24.79240807,13.04863582,60.26097272,0.608394202898551
"R816B",43,613466.334164589,0.576227272727273,0.117508813,2.23266745,0,92.00940071,0.619333928571429
"R816C",130,374486.753525897,0.581406326974161,0.829506369323077,23.6683432797846,9.74530609983077,62.0454227978462,0.636821759259259
"R816D",7,336500,0.588845544501498,0.117508813,2.23266745,0,92.00940071,0.632770909090909
"R816E",8,326428.571428571,0.585626118230674,5.368289638,21.47315855,2.684144819,69.60049938,0.651225423728814
"R816F",24,383601.694915254,0.580099613420923,0,56.41025641,6.666666667,34.65201465,0.643106944444444
"R817B",8,464677.541729894,0.654981174540394,0,2.479338843,0,91.94214876,0.710445281231498
"R817E",11,412500,0.52304,0.117508813,2.23266745,0,92.00940071,0.533232786885246
"R818C",5,337530.266343826,0.533454478935698,0,2.479338843,0,91.94214876,0.545427272727273
"R820A",69,270947.630922693,0.573541414141414,0.179758938826087,60.5059845089855,6.41219117385507,29.6220030118841,0.628062365591398
"R820B",56,287935.83535109,0.509163344947735,0,87.47680891,6.307977737,2.319109462,0.571008331958423
"R820C",17,255083.459787557,0.495974789202648,0,87.47680891,6.307977737,2.319109462,0.522263917525773
"R820D",17,3e+05,0.41800658017644,0,71.97164948,16.36597938,4.961340206,0.421425714285714
"R820E",15,515000,0.544984466019418,1.809210526,12.17105263,3.536184211,67.26973684,0.604995652173913
"R820F",114,274059.180576631,0.523816082751511,0.587634133842105,65.1455473161404,17.5176233270702,14.1412160809298,0.554366739087498
"R820G",77,236418.816388467,0.583258017644006,5.93664649597403,54.5330162112987,11.6428307353896,23.203411789039,0.603381322957198
"R820H",56,746274.658573596,0.602343767027888,2.72148587526786,11.2638131944643,4.608407963875,73.744606285,0.666060402130265
"R821A",45,387506.234413965,0.597845863928113,5.7181328542,43.924259374,16.825593378,27.823942334,0.654624
"R821B",67,398753.117206983,0.642188107763431,1.04534089297015,50.8952434861194,19.6578958884627,20.1009872491045,0.673479487179487
"R821C",26,655706.321853862,0.584079653979806,6.64804577984615,11.1433354115385,0.834144347615385,68.3698614123077,0.656763763594224
"R821D",83,380000,0.596623186299948,5.74852715320482,41.5950302048193,15.4527452863614,34.9658250518072,0.680621052631579
"R821E",72,486357.071209956,0.584792362685201,2.21732975579167,39.7677615365278,5.43972982218056,48.5208956402778,0.596739460784314
"R821G",5,1119878.60394537,0.839080233062331,3.357314149,10.6314948,5.355715428,78.25739408,1.04407555555556
"R822A",141,684370.257966616,0.602112910569106,2.84470120915603,6.37649804643972,15.0810959460709,69.1781949385816,0.6678
"R822C",21,843516.209476309,0.601532036391793,0.616740088,0.176211454,8.986784141,72.95154185,0.636390804597701
"R822D",69,441695.760598504,0.588233924611973,0.642363065057971,33.3531062953333,8.4541789331884,50.1770690344928,0.626116814159292
"R822E",76,541151.131474426,0.598452574445636,11.5418740423684,5.59584839115789,9.44020691818421,64.2699464426316,0.67393137254902
"R822F",85,618578.55361596,0.575213726903178,2.83709380971765,4.57942318262353,10.8276429638824,78.4960092462353,0.628942168674699
"R822G",27,292857.142857143,0.467996341463415,1.52129827185185,25.0800901105185,20.5834930359259,45.786165082963,0.527644351464435
"R822H",36,404132.971819314,0.636972969709842,2.06154171688889,0.896182224888889,10.1794429127778,85.2087994922222,0.668108667667882
"R822I",78,360102.014938441,0.597267582482186,0.578798814,24.7531241646923,18.2864215866154,50.8723482046154,0.615958865182437
"R822J",7,2e+05,0.455785,0.956521739,38.52173913,19.91304348,33.13043478,0.455785
"R822K",10,396902.124430956,0.681688134270957,0.956521739,38.52173913,19.91304348,33.13043478,0.685678740310077
"R823B",168,336268.765133172,0.53355352230279,1.40737268125595,34.3803932069643,21.2599957328571,39.8015686538571,0.561921501072784
"R823C",74,356241.793089356,0.650110462697274,0.0728375807432433,11.9440852231081,12.6502718837838,46.8270138075676,0.665735634920635
"R823D",22,354240.347537832,0.542985383536241,1.077996195,21.68674699,36.08116677,41.15409004,0.585142374727669
"R823F",5,350000,0.532491672473868,13.48614072,55.97014925,19.29637527,8.475479744,0.544442857142857
"R823G",33,327182.044887781,0.619918964367378,1.76851206675758,34.65935124,26.0415106757576,36.5309068293333,0.667777142857143
"R823H",10,319969.08148306,0.541759143515499,0.9902142192,47.369380275,19.682366323,30.778680776,0.553639461279461
"R824A",52,320536.159600998,0.539314793335707,2.81112199880769,58.6072168284615,23.8426183667692,12.8902665791154,0.592520206628203
"R824B",18,239529.590288316,0.588009416309557,0,61.07544141,3.451043339,28.81219904,0.682686990154712
"R824C",13,460099.750623441,0.554770786516854,0.385016443384615,46.3509665538462,0,45.6667602438461,0.569993333333333
"R824D",5,407021.791767554,0.576887534607779,0,33.20407174,1.793504605,58.84634028,0.589835135135135
"R824E",121,383416.458852868,0.568794048780488,0.123064469380165,11.5231306745289,10.6635572752479,67.5327106436364,0.615442857142857
"R824F",25,348406.676783005,0.597869907712591,0,1.925254813,32.27633069,61.49490374,0.615205263157895
"R824G",86,333572.319201995,0.530550920106316,7.5344312475,46.6735541488372,14.9167299816279,26.5105184383023,0.564803176064442
"R824H",17,362967.581047382,0.509749544892188,6.607142857,48.48214286,13.125,25.625,0.604753125
"R824I",19,306733.167082294,0.545934399216902,0.958627649,42.83551968,18.56710394,36.02421796,0.610613333333333
"R824J",23,391957.51138088,0.550129868667917,0.574534161478261,27.1639901026087,12.7374447808696,57.401476403913,0.574112977099237
"R825B",54,499360.665105067,0.568976206003752,2.08766819255556,16.3031726368519,1.20989933748148,71.90132327,0.605827722772277
"R825C",22,439001.752600426,0.55129634196611,0,33.20407174,1.793504605,58.84634028,0.603878231292517
"R825D",17,352231.920199501,0.611935436210131,0,33.20407174,1.793504605,58.84634028,0.607490384615385
"R825E",14,319165.402124431,0.532289664440778,5.368289638,21.47315855,2.684144819,69.60049938,0.552787356321839
"R825F",55,485660.847880299,0.832386434244746,0,33.20407174,1.793504605,58.84634028,0.882805383022774
"R825H",56,341840.694167465,0.600656032124855,9.936305732,20,0,70.06369427,0.643632251082251
"R825I",42,367696.074583517,0.555781724538118,0.417101147,46.3836333671429,0.0821676985476191,45.5560556097619,0.629390416143748
"R826B",9,372276.02905569,0.563901140225025,0,7.092198582,22.16312057,70.65602837,0.636951612903226
"R826D",10,460751.138088012,0.587104854324398,0,10.3759686764,4.432624114,79.768271314,0.609890508788159
"R827A",69,382625.189681335,0.562818859498454,0.944546997565218,25.784431183913,5.78424023217391,66.1969853104348,0.596393495934959
"R829C",5,486440.677966102,0.570091473302571,0,34.18874172,8.443708609,57.36754967,0.660621176470588
"R830A",9,218998.482549317,0.574552944896116,2.423018677,49.01564866,30.18677436,17.74356386,0.587448148148148
"R830B",11,481476.997578693,0.476052004878049,2.423018677,49.01564866,30.18677436,17.74356386,0.472594
"R830C",7,391957.51138088,0.568737665505227,21.79824561,39.69298246,0,37.93859649,0.579713907284768
"R830D",59,495375.302663438,0.565605609756098,21.79824561,39.69298246,0,37.93859649,0.583921800947867
"R830F",131,248500,0.548859480032163,1.13006579681679,65.5588776236641,22.3880504137405,4.73838802067176,0.594395604395604
"R830G",143,230049.875311721,0.529558023521983,0.641971191356644,67.9037993242657,19.4352358198601,11.0524444891049,0.581454887218045
"R830H",19,590000,0.567523309846432,2.423018677,49.01564866,30.18677436,17.74356386,0.604999014778325
"R830I",12,600430.174563591,0.765968775960829,2.423018677,49.01564866,30.18677436,17.74356386,0.783160095122045
"R830J",5,368079.800498753,0.738639205574913,0,73.47588717,25.61419472,0.909918107,0.755217142857143
"R831A",40,234408.87792625,0.413615368224615,0,71.8289180325,16.0088717,12.162210265625,0.458191244172494
"R831B",14,255042.033016494,0.460302520852153,2.920723227,65.92489569,12.3783032,17.52433936,0.550783585759245
"R831C",349,282929.782082324,0.546533728222997,1.7683499609341,33.4925500024012,37.6331043353868,24.5508129266189,0.609784126984127
"R831E",50,223434.244434437,0.573044875338753,1.44999999966,43.3874130334,36.8183744486,15.470619857,0.619824680271481
"R831F",46,298821.695760599,0.522985848205255,0,31.6191660230435,49.0080202591304,5.75656962082609,0.560176351351351
"R831G",44,231327.930174564,0.481937284044715,0.876456876545455,29.2606422663636,45.8694186036364,11.5893814924545,0.527009827124923
"R831H",150,415519.464051735,0.63030718972588,0.832273166226667,47.55040672428,22.8215935274267,23.4700004469667,0.671001602081337
"R832A",28,368335.411471322,0.655989665980276,6.472196901,21.14858706,19.4165907,39.28896992,0.769896695652174
"R832B",52,529564.16464891,0.5550275198282,4.20332624136539,11.9412411055385,18.0580042459808,59.4557022221154,0.569889759515847
"R832C",122,595523.520485584,0.601838899560431,1.66505411793443,24.4624657888279,23.5143657987131,46.9912272785246,0.670990730050934
"R832D",38,213969.128329298,0.608831315367598,0,78.3977060763158,7.31977001605263,9.59752321763158,0.667406552094522
"R832E",275,354628.224582701,0.57709392120075,1.89362985557818,29.3347333398291,8.03691109162546,55.6808026757454,0.628065445026178
"R832F",63,235000,0.613481680216802,0.0454609897936508,50.232977812381,26.1386543907937,15.8983140734444,0.615778911564626
"R833A",16,261703.745189379,0.521825978589884,1.660735469,68.56465006,26.09727165,3.677342823,0.587777369614512
"R833B",13,279347.496206373,0.516430565646082,0.043821209,54.99561788,14.59246275,24.40841367,0.60900487804878
"R833C",76,256122.194513716,0.536946099128887,0.126198216263158,65.4772486255263,23.2870652531579,2.24804308805263,0.562474857142857
"R833D",8,257261.001517451,0.562078961429382,3.75288683625,44.86720554375,30.7210903975,13.179767404625,0.629418525345622
"R833E",30,357797.18003928,0.542496889173431,2.077431539,60.90651558,16.52502361,13.78659112,0.571479803312629
"R833G",5,427420.33383915,0.468505066666667,1.245640259,75.08719482,19.03338316,2.939711011,0.582965333333333
"R833H",25,236418.816388467,0.715336463414634,0.17197452228,85.090132928,1.3503184712,13.38757407844,0.806156756756757
"R833I",65,355299.251870324,0.649873170731707,1.245640259,75.08719482,19.03338316,2.939711011,0.684684523809524
"R834B",7,256122.194513716,0.61397012195122,2.077431539,60.90651558,16.52502361,13.78659112,0.62775
"R834C",43,378304.239401496,0.493968225860341,3.907563025,82.10084034,4.663865546,9.327731092,0.541298196948682
"R834D",12,253645.305622143,0.494942578847822,3.60254111066667,78.56845288,6.64072522333333,10.07087443,0.555162546177892
"R834E",62,360424.886191199,0.509498236205572,0,61.07544141,3.451043339,28.81219904,0.541937161022447
"R834F",23,397094.430992736,0.529204097560976,2.502606882,30.03128259,0,60.58394161,0.5616875
"R835A",10,428664.64339909,0.578207730086888,5.836065574,5.31147541,13.7704918,65.37704918,0.621793041794865
"R835B",50,334265.083570014,0.529328491646598,7.17348702664,15.2351992348,5.783606556,66.7681379598,0.571950461538462
"R835C",31,403865.336658354,0.56796379403794,3.25532336083871,24.449390646129,3.10946589032258,61.6662562225806,0.607464242424242
"R836B",9,306100.151745068,0.583249089730161,4.65185086666667,12.6447828811111,13.99525968,60.4273600911111,0.60384
"R837A",7,330000,0.56846460777851,0,23.58870968,0,76.41129032,0.679649230769231
"R837D",6,365808.390645662,0.529095135484286,0,22.42365151,0,77.57634849,0.569013659818442
"R838A",31,525000,0.610217333333333,0,16.59836066,0,83.40163934,0.655911304347826
"R840A",87,302784.503631961,0.525227580158948,3.3343714927931,28.6733864954023,8.07957143041379,53.5240517017241,0.541748
"R840B",80,271144.995535829,0.47559371641791,0,17.76788891125,67.8235256271,13.821788399025,0.481127754990429
"R840C",57,440000,0.574110914778981,10.56625803,36.31056626,13.25160537,39.87157034,0.6021125
"R840D",31,334719.271623672,0.525587878787879,0,70.51993942,8.480565371,4.745078243,0.55054
"R840E",15,261305.007587253,0.48087109864019,0,23.2528695613333,59.8684354361333,13.2030005877333,0.524136
"R840F",17,299064.837905237,0.569547763477635,1.166827387,42.0241568329412,38.7708579982353,16.0448836094118,0.608173207036536
"R840G",32,315194.316939064,0.510639088731811,2.54636860103125,71.8519372140625,13.3655777447188,9.16130551115625,0.5611139392269
"R840H",49,552119.70074813,0.670087365370683,12.37263464,35.95342067,6.877729258,41.81222707,0.715420408163265
"R840I",92,492397.094430993,0.667376446489713,12.37263464,35.95342067,6.877729258,41.81222707,0.662528675691967
"R840J",58,526302.992518703,0.696189836251212,4.281891169,21.67707404,2.943800178,61.46297948,0.809819063922985
"R840K",8,378619.85472155,0.737848734920106,0,17.02786378,73.06501548,9.907120743,0.755504957028852
"R840L",7,435000,0.529897353756546,0,26.89486553,3.178484108,62.10268949,0.547410869565217
"R840M",42,452687.032418953,0.882688290607274,0,21.01865136,0,72.30989957,0.974970733863837
"R840N",50,458500,0.765280841706367,10.56625803,36.31056626,13.25160537,39.87157034,0.762784669956667
"R840S",83,480484.261501211,0.872948595975321,12.37263464,35.95342067,6.877729258,41.81222707,0.86660756501182
"R841A",27,392130.750605327,0.558885422410746,1.803278689,56.2295082,22.95081967,16.8852459,0.571428985507246
"R841B",15,283922.518159806,0.5666140117746,2.685421995,72.97527707,12.87297528,8.780903666,0.583166037735849
"R841C",7,336537.530266344,0.538438209059233,2.685421995,72.97527707,12.87297528,8.780903666,0.562743333333333
"R841D",133,262256.857855362,0.530574545454545,0.585543141766918,44.6217041189474,38.216231552406,12.2887879661955,0.58365
"R841E",32,218811.52581369,0.480190442937392,2.685421995,72.97527707,12.87297528,8.780903666,0.499889128935877
"R841F",7,287893.462469734,0.531525055432372,0,41.45818442,41.02930665,8.43459614,0.544648117839607
"R841G",7,273748.103186646,0.606324654832347,0,49.94011976,14.25149701,35.80838323,0.691045454545455
"R841H",36,297324.455205811,0.576419787992495,0,37.7058182908333,43.7804104120556,14.3640779088889,0.595006326530612
"R841I",15,289351.620947631,0.475252195121951,0,30.72143597,55.36762168,10.52813255,0.481646666666667
"R841J",78,416797.518914578,0.865307739087083,0,30.72143597,55.36762168,10.52813255,0.879171629082819
"R842A",16,379721.549636804,0.54229581458475,0,36.1671452775,41.190211418125,18.63016870375,0.546333676474174
"R842B",37,312943.854324734,0.522127579737336,0,43.16877153,22.96211251,29.04707233,0.561485809682805
"R842C",51,330000,0.563985981238274,0,29.2588593394118,49.6776740937255,19.2675863124706,0.579888392857143
"R842D",53,320653.753026634,0.490660092124141,0,33.763662794717,33.4597322913208,23.8641950308679,0.557048888888889
"R842E",13,311077.389984826,0.472575006445625,0,69.55752212,2.477876106,13.45132743,0.515282051282051
"R842T",33,433825.665859564,0.615335901584297,0,1.08401084,28.18428184,48.23848238,0.612826697892272
"R843A",25,184157.814871017,0.666673287671233,0.1460755964,47.5716948508,30.1126868756,14.84492197076,0.7826
"R843B",36,348311.107823661,0.517282258546459,0,26.38504155,51.10803324,21.32963989,0.536973809523809
"R843C",30,248522.96567916,0.623599624838619,0,26.38504155,51.10803324,21.32963989,0.679107307692308
"R843D",16,372500,0.535293904528191,0.043821209,54.99561788,14.59246275,24.40841367,0.615740573175788
"R846A",96,677462.59351621,0.64596050107848,0.790300546479167,13.1869088127083,6.89976519066667,77.0415780142708,0.721236760144466
"R846B",35,492000,0.601465245722607,0,14.42041043,5.823627288,78.86855241,0.639418319169027
"R846C",12,539284.667134517,0.536199879275654,5.836065574,5.31147541,13.7704918,65.37704918,0.562781752473717
"R847A",7,368079.800498753,0.599188001355013,0.434656620857143,35.20950212,12.6702405085714,48.8603327171429,0.63516
"R850A",30,640592.269326683,0.573167738456665,10.56910569,26.59698026,2.113821138,57.97909408,0.623398075053471
"R850B",87,486440.677966102,0.601987043002505,10.56625803,36.31056626,13.25160537,39.87157034,0.632328395061728
"R850C",14,473000,0.558295006715712,10.56625803,36.31056626,13.25160537,39.87157034,0.628709253246753
"R850D",16,604112.291350531,0.623392750677507,10.56910569,26.59698026,2.113821138,57.97909408,0.691163440380613
"R850E",38,622321.699544765,0.590988185904145,10.56910569,26.59698026,2.113821138,57.97909408,0.625310893473027
"R850F",39,569271.623672231,0.536808403361344,10.56910569,26.59698026,2.113821138,57.97909408,0.586542608695652
"R850G",50,564916.540212443,0.593942890961263,10.56910569,26.59698026,2.113821138,57.97909408,0.617049444444444
"R850H",24,460099.750623441,0.5555927993102,10.56910569,26.59698026,2.113821138,57.97909408,0.595111996792745
"R850I",108,489000,0.570577296068719,7.377616233,35.4648601032407,3.59278130746296,51.3907950506482,0.610326978639338
"R850J",115,424314.21446384,0.539652631578947,2.317198764,38.46549949,12.35839341,44.6961895,0.580442831215971
"R851A",68,408755.690440061,0.535013621836088,0,52.14477212,4.289544236,43.56568365,0.579468161474542
"R851B",113,323520.485584219,0.544569921455147,0,66.3830322663717,15.8499782970531,17.5714982962389,0.601346153846154
"R851C",45,306733.167082294,0.516112283431455,0,54.4761639533333,11.7582509433333,30.97488743,0.564254545454545
"R851D",71,315000,0.521948553054662,0,57.3774212867606,18.1304234466197,20.7032726342253,0.547774919614148
"R851E",9,355872.53414264,0.504009112229234,0,58.26446281,22.83057851,15.08264463,0.513121126760563
"R851F",48,261305.007587253,0.515158209451748,0.13083297,56.6283311158333,10.0716902463333,25.5054602039583,0.585425630252101
"R851P",42,413022.769951634,0.545132550809333,0.531638735238095,69.3596866457143,9.16264509952381,11.0443683442857,0.559355953174074
"R852A",83,357855.36159601,0.504529117035356,0.69777584,69.29786306,11.25163541,10.29219363,0.52864347826087
"R852B",84,407021.791767554,0.559913694424191,0.240898801904762,69.4678779207143,5.50691205619048,12.3606740942857,0.597723089983022
"R852C",27,327253.414264036,0.522747181964573,0,0,42.41948154,57.58051846,0.522747181964573
"R852D",18,405644.916540212,0.501691610834277,0,62.63676149,23.14004376,14.22319475,0.582159679498987
"R852E",45,197845.220030349,0.593675523210071,0,23.7925382268889,28.9159868076,37.2944861027111,0.672647619047619
"R852F",14,355219.349199081,0.522826964468574,0,62.63676149,23.14004376,14.22319475,0.627668529847979
"R852T",26,401931.853175777,0.601645419714898,0,1.08401084,28.18428184,48.23848238,0.615148683499023
"R853A",29,357855.36159601,0.518391705168153,0,0,6.003430532,93.99656947,0.558224489795918
"R860A",95,331608.497723824,0.520034260058035,4.76553559945263,34.2293944187368,18.4752636756421,41.346171416,0.558291803278689
"R860B",73,471549.636803874,0.557411469363474,3.235470342,46.97423607,5.512282804,42.84002397,0.595572025052192
"R860C",77,522675.544794189,0.789304357092115,10.56910569,26.59698026,2.113821138,57.97909408,0.81627652733119
"R860D",25,484658.573596358,0.685440670161842,10.56910569,26.59698026,2.113821138,57.97909408,0.846895640686922
"R860E",20,491250,0.257219740895602,10.56910569,26.59698026,2.113821138,57.97909408,0.257219740895602
"R860F",27,489500,0.43950652173913,0,0,7.530647986,92.46935201,0.43950652173913
"R860G",28,459500,0.466754411917764,0,0,7.530647986,92.46935201,0.466754411917764
"R861A",85,297820.823244552,0.607945341463415,0.0174493423294118,15.9689064597647,9.03239049668235,74.6244813758235,0.668030508474576
"R861F",31,460500,0.738998851894374,0,22.59887006,0,77.40112994,0.738998851894374
"R864A",20,268902.743142145,0.527012083037869,0.511795624,48.6857350965,20.356848065,25.32525484855,0.547300498084291
"R880A",15,746585.735963581,0.607664908001712,0.5825242718,2.607489598,6.4960856564,89.010155672,0.646428391959799
"R920A",12,488514.071422355,0.636299506915848,0,34.18874172,8.443708609,57.36754967,0.659798120300752
"R920B",43,391957.51138088,0.631450021394951,0.239451438488372,24.5910932008837,5.69459417816279,68.0203988395349,0.692273830155979
"R930A",10,373529.000576852,0.596026321646342,3.432137285,9.984399376,0,86.58346334,0.633171116207951
"R940A",5,335341.426403642,0.522000494396836,3.432137285,9.984399376,0,86.58346334,0.624286956521739
"T707A",92,444001.210653753,0.606343523371223,20.94517958,7.069943289,1.890359168,65.86011342,0.616939001493493
"T708A",11,335963.581183612,0.60407791053619,10.07462687,2.686567164,0,87.23880597,0.654740425531915
"T708B",40,333423.161225266,0.622405440998461,10.07462687,2.686567164,0,87.23880597,0.666909769941732
"T708C",13,416645.885286783,0.601468094512195,7.371167645,11.2198304,6.196999348,74.36399217,0.630142105263158
"T709A",12,263792.075198953,0.559618782686209,7.371167645,11.2198304,6.196999348,74.36399217,0.608265957446809
"T709B",51,297820.823244552,0.510501996951219,0,25.96491228,26.9005848,44.09356725,0.548767857142857
"T709C",10,447341.338222488,0.619453092140921,0,25.96491228,26.9005848,44.09356725,0.665660743321719
"T709D",13,446731.234866828,0.638428801642608,10.19855596,39.07942238,24.68411552,24.81949458,0.746399452804378
"T709E",16,343996.514782846,0.547077036900894,10.19855596,39.07942238,24.68411552,24.81949458,0.598521060606061
"T709F",31,449875.311720698,0.578927054812484,7.371167645,11.2198304,6.196999348,74.36399217,0.591920430107527
"T717A",17,340473.815461347,0.530818990642737,20.94517958,7.069943289,1.890359168,65.86011342,0.570760869565217
"T717B",39,534226.932668329,0.618287229268293,20.94517958,7.069943289,1.890359168,65.86011342,0.666028340080972
"T717C",24,483360.349127182,0.805574458977258,20.94517958,7.069943289,1.890359168,65.86011342,0.823654683742334
"T718B",16,278967.876340629,0.558802846760286,2.011680727,66.32057106,3.958468527,26.47631408,0.566995520919635
"T718D",23,375781.487101669,0.555242894056848,6.157965194,26.17135207,2.008032129,63.58768407,0.583605333333333
"T718F",10,397094.430992736,0.784507448247916,6.272273699,40.62722737,12.40199572,27.44119743,0.7888325
"T719A",7,584825.493171472,0.665303097988875,5.82010582,23.28042328,6.084656085,54.4973545,0.81956170212766
"T719B",7,372276.02905569,0.594512819512195,6.588579795,46.41288433,0,46.99853587,0.653112676056338
"T719D",10,314810.318664643,0.515631243196936,6.588579795,46.41288433,0,46.99853587,0.592750837053571
"T719E",24,273440.819423369,0.554914973001994,0,27.13833157,1.16156283,70.64413939,0.618064305084746
"T719F",198,302886.940738591,0.514323863769335,6.31798038480303,8.19953352825758,2.90966039587879,80.4219052432828,0.53880894612239
"T727A",43,255083.459787557,0.540585789684126,6.38956417627907,32.2960467181395,9.0662143127907,48.8134550311628,0.610593301435407
"T728A",15,345074.812967581,0.606025105691057,16.81547619,24.35515873,28.67063492,30.15873016,0.678589743589744
"T728B",6,230654.02124431,0.597913601381503,4.80349345,35.80786026,0,57.31441048,0.630512476190476
"T728C",70,446769.607458352,0.809799899482631,16.81547619,24.35515873,28.67063492,30.15873016,0.809050474762619
"T728S",38,383020.824267102,0.638627195853366,3.147208122,26.1928934,0,58.07106599,0.668176052409295
"T729A",88,323079.855382908,0.574265993293831,14.86199575,3.609341826,2.229299363,71.23142251,0.602029270610596
"T729B",32,336128.158446836,0.546627690893765,14.86199575,3.609341826,2.229299363,71.23142251,0.601402787493313
"T729D",48,329948.58495408,0.56321295394871,0.417469493,54.49582531,28.19524727,15.54271034,0.598931152073733
"T729E",10,406432.668329177,0.587824859486429,14.86199575,3.609341826,2.229299363,71.23142251,0.597460541977584
"T729F",65,411985.472154964,0.682143893188616,0.417469493,54.49582531,28.19524727,15.54271034,0.686214285714286
"T729G",7,401911.987860395,0.841347204161248,0.417469493,54.49582531,28.19524727,15.54271034,0.98483064516129
"T737A",25,414355.083459788,0.604222924625331,34.10672854,30.9579052,1.491547895,31.15677826,0.65849010989011
"T737B",112,403609.725685786,0.755717405932751,1.152073733,68.8172043,0,23.88632873,0.774765316205534
"T738A",65,347457.627118644,0.538462140992167,1.861832435,31.50416463,5.634492896,55.41401274,0.556117969821673
"T738B",26,402845.220030349,0.560029493393239,1.861832435,31.50416463,5.634492896,55.41401274,0.595569025641026
"T739A",72,324812.348668281,0.556468644004556,2.423018677,49.01564866,30.18677436,17.74356386,0.584467376160991
"T739B",5,263000,0.520684410646388,0,95.77384352,0,4.226156482,0.520684410646388
"T739C",52,407999.67393864,0.599585849874232,21.79824561,39.69298246,0,37.93859649,0.63007344239226
"T739D",6,269595.59939302,0.526686144599773,3.33424954166667,57.9801332383333,10.127126731,25.5872548216667,0.583503162055336
"T739E",28,324315.98062954,0.559094788947847,2.52293578,42.35474006,16.13149847,36.16207951,0.573712200956938
"T739G",5,261927.162367223,0.523794473089624,2.32172471,64.59369818,7.711442786,11.35986733,0.544420634920635
"T739H",42,337207.890743551,0.710429821022247,21.79824561,39.69298246,0,37.93859649,0.85719186625778
"T739I",34,474413.965087282,0.891737693494031,2.423018677,49.01564866,30.18677436,17.74356386,0.904478784129573
"T739J",143,408977.556109726,0.789307542908762,3.536754508,56.65742025,10.61026352,28.43273232,0.789132720105125
"T747A",74,450847.457627119,0.592440507892845,16.47244094,26.77165354,10.67716535,43.46456693,0.60285536830923
"T747B",37,363000,0.551010880228914,34.10672854,30.9579052,1.491547895,31.15677826,0.598769452449568
"T747D",28,402534.142640364,0.732789195189454,34.10672854,30.9579052,1.491547895,31.15677826,0.911816600994465
"T749A",38,308172.190918758,0.560225376889968,0,21.01865136,0,72.30989957,0.565096794871795
"T749B",17,306733.167082294,0.540059760069913,10.24868124,31.98944989,1.620195931,50.03767898,0.545836666666667
"T749C",28,391024.279210926,0.799752691043892,10.24868124,31.98944989,1.620195931,50.03767898,0.9660017977813
"T749D",48,377623.486682809,0.656186527337371,10.56625803,36.31056626,13.25160537,39.87157034,0.651420039245332
"T757D",20,428500,0.67754293378708,16.47244094,26.77165354,10.67716535,43.46456693,0.67754293378708
"T758A",74,389734.446130501,0.650922549792158,9.66313365554054,35.096426315,1.95435222133784,47.7264002531081,0.759661972359026
"T758C",33,440485.584218513,0.704609132587567,10.24868124,31.98944989,1.620195931,50.03767898,0.768226666666667
"T758D",61,393201.820940819,0.705136032825476,8.79062228508197,39.7260624547541,2.45227104222951,44.2824154719672,0.811782035928144
"T758T",43,467860.394537178,0.519215652439024,7.96812749,44.09030544,2.921646746,41.03585657,0.575125842696629
"T759B",15,319787.556904401,0.543106994773519,0,44.66279589,6.208128629,39.88387673,0.546160377358491
"T759C",10,393382.19221921,0.553409831901518,0,44.66279589,6.208128629,39.88387673,0.580324878670935
"T769A",25,371000,0.657614645760743,11.81364393,21.21464226,4.076539101,61.64725458,0.66545641025641
"T769B",9,502019.950124688,0.824379588694054,2.031694433,4.794798862,14.38439659,78.78911012,0.842881873727088
"T769C",21,466616.084977238,0.636586350445657,11.81364393,21.21464226,4.076539101,61.64725458,0.7261
"T769F",62,387554.331167529,0.804055023197749,2.912621359,13.03744799,2.357836338,75.17337032,0.906993861616113
"T769G",129,476570.561456753,0.657513869531552,11.81364393,21.21464226,4.076539101,61.64725458,0.76883451536643
"T779A",54,372784.44851874,0.617434363934927,11.81364393,21.21464226,4.076539101,61.64725458,0.645569862504645
"T798A",6,502145.58941629,0.627042416068867,16.01343785,4.479283315,1.511758119,74.41209406,0.691137808172914
"T800A",6,309722.515744537,0.53707986150827,3.072870939,0,3.248463565,85.95258999,0.554403229337712
"T802A",79,396101.694915254,0.632185581881533,5.090595341,10.00862813,5.522001726,77.82571182,0.686284705882353
"T803A",32,252249.115432804,0.535529351218195,0,6.848112379,3.511852502,84.98683055,0.554393103448276
"T804A",42,518227.780321578,0.649288786379168,6.752094628,31.49334648,11.13849187,46.8703795,0.692999891067538
"T804B",14,565381.273262372,0.605308440651834,0,24.72783826,17.41835148,55.98755832,0.724506031746032
"T810A",8,439567.938507243,0.663161858342756,0,41.46505376,27.62096774,30.91397849,0.693660622710623
"T810B",9,230000,0.346426853904903,0,56.99588477,4.218106996,38.78600823,0.35420202020202
"T810C",28,300916.175040396,0.494304316886272,14.19753086,20.37037037,0.396825397,53.92416226,0.503720238095238
"T810D",17,228329.297820823,0.524914736340101,22.3880597,32.46268657,3.731343284,29.85074627,0.575194285714286
"T810E",8,677542.372881356,0.664214259313264,0,41.46505376,27.62096774,30.91397849,0.759761296551724
"T811A",12,349473.365617433,0.594550106788711,14.40329218,1.783264746,3.223593964,76.54320988,0.618111111111111
"T811B",33,309833.080424886,0.567292700317377,14.40329218,1.783264746,3.223593964,76.54320988,0.634739130434783
"T812A",30,271559.313022451,0.529855312495347,12.4201278,41.33386581,7.068690096,34.94408946,0.550736551704567
"T812B",37,247191.283292978,0.50152308969443,12.4201278,41.33386581,7.068690096,34.94408946,0.550770186335404
"T812D",5,214713.216957606,0.538024634146341,32.19178082,15.75342466,20.4109589,20.89041096,0.5501
"T812E",17,424314.21446384,0.62990756097561,12.4201278,41.33386581,7.068690096,34.94408946,0.63720243902439
"T813B",5,645278.450363196,0.663979591932458,1.630434783,12.36413043,13.31521739,69.70108696,0.68192
"T813C",8,703630.78381528,0.705965635649382,8.769230769,16,3.846153846,69.84615385,0.815860740127037
"T813D",23,746585.735963581,0.741018819930774,8.769230769,16,3.846153846,69.84615385,0.818460960960961
"T814U",22,529500,0.835138929375645,0,0,9.262166405,62.95133438,0.831540447461036
"T820A",16,216377.086494689,0.300203319139644,1.809210526,12.17105263,3.536184211,67.26973684,0.35213506006006
"T820C",15,230049.875311721,0.500747391598916,0,36.14190687,0.609756098,63.24833703,0.531023255813953
"T820D",34,381465.437317177,0.61266804218853,0,36.14190687,0.609756098,63.24833703,0.629488374676046
"T821A",18,209037.78688871,0.439941549943216,6.597845601,43.85098743,15.66427289,29.08438061,0.477082860520095
"T821C",13,689127.182044888,0.784353392796064,2.336448598,32.57676903,6.608811749,56.00801068,0.930973293768546
"T821D",8,582959.028831563,0.681578907384512,3.223443223,9.377289377,6.373626374,74.72527473,0.771702359132565
"T821G",13,982808.716707022,0.57655980290712,2.336448598,32.57676903,6.608811749,56.00801068,0.594469279661017
"T822B",5,637708.649468892,0.5916667100271,0.616740088,0.176211454,8.986784141,72.95154185,0.663094717668488
"T823A",39,223975.720789074,0.571539627371274,0,25.13368984,12.70053476,60.42780749,0.605252955082742
"T823B",10,275458.640954518,0.566286068190278,0,25.13368984,12.70053476,60.42780749,0.578995730568614
"T823C",47,205992.736077482,0.429649630662021,1.007751938,59.45736434,16.97674419,21.62790698,0.455167567567568
"T823E",17,218998.482549317,0.359264297729184,1.007751938,59.45736434,16.97674419,21.62790698,0.39464406779661
"T823F",10,211519.627082415,0.479737220701963,13.48614072,55.97014925,19.29637527,8.475479744,0.491842790697674
"T823G",8,254419.575113809,0.460307367886179,0.958627649,42.83551968,18.56710394,36.02421796,0.466367682494685
"T823I",8,179676.283494602,0.493459447255154,0.62984496125,41.3751384275,14.717607975,31.2317275775,0.496992569659443
"T823J",16,241050.32939335,0.553648826753502,6.607142857,48.48214286,13.125,25.625,0.58833531947652
"T823K",61,338523.002421307,0.745272841713754,13.48614072,55.97014925,19.29637527,8.475479744,0.739859237536657
"T824A",12,181963.840399002,0.433019611642761,0,61.93181818,5.113636364,27.61363636,0.473092218693285
"T824B",6,279374.051593323,0.590391137287509,0,61.07544141,3.451043339,28.81219904,0.702734090909091
"T824C",17,334339.152119701,0.555192660550459,0.958627649,42.83551968,18.56710394,36.02421796,0.585066864784547
"T830A",15,330364.188163885,0.549998185365854,21.79824561,39.69298246,0,37.93859649,0.581456140350877
"T830C",63,385461.346633416,0.524973520087986,2.423018677,49.01564866,30.18677436,17.74356386,0.547393617021277
"T830D",160,383131.757101934,0.640646010141563,2.423018677,49.01564866,30.18677436,17.74356386,0.646105359532001
"T830E",76,364914.061698055,0.805751265966277,17.2094613219737,37.8724063253947,3.34836819139473,39.824442956579,0.817850980529855
"T831D",35,669600.484261501,0.686402642276423,0,59.44444444,31.875,8.263888889,0.724109697933227
"T831E",5,750318.664643399,0.744161164263576,3.223443223,9.377289377,6.373626374,74.72527473,0.91232131147541
"T831T",10,7e+05,0.703572,3.223443223,9.377289377,6.373626374,74.72527473,0.703572
"T833A",18,277586.034912718,0.509866507614248,2.077431539,60.90651558,16.52502361,13.78659112,0.522947481773546
"T833B",59,321654.02124431,0.57731429174484,1.245640259,75.08719482,19.03338316,2.939711011,0.622494736842105
"T833D",52,301620.947630923,0.936790244512847,1.245640259,75.08719482,19.03338316,2.939711011,0.962971204501044
"T833E",78,337016.949152542,0.672570796269727,1.245640259,75.08719482,19.03338316,2.939711011,0.668327364117803
"T833F",26,350250,0.748589904046725,2.077431539,60.90651558,16.52502361,13.78659112,0.748589904046725
"T834A",30,282681.598062954,0.493590670760934,3.907563025,82.10084034,4.663865546,9.327731092,0.567719583333333
"T840A",21,260723.19201995,0.475525164046057,0,70.51993942,8.480565371,4.745078243,0.530764444444444
"T840B",109,416134.663341646,0.8185198162974,12.37263464,35.95342067,6.877729258,41.81222707,0.83689058524173
"T840C",21,461622.276029056,0.657686652759949,12.37263464,35.95342067,6.877729258,41.81222707,0.688559228650138
"T840D",149,480548.628428928,0.68268012973534,0,21.01865136,0,72.30989957,0.706724731182796
"T840E",32,362845.036319613,0.919288608132911,12.37263464,35.95342067,6.877729258,41.81222707,0.912610966911606
"T840F",55,411985.472154964,0.606497003316604,0,38.58490566,24.62264151,32.83018868,0.602164414414414
"T841A",8,173252.263877484,0.554770143833596,0,41.45818442,41.02930665,8.43459614,0.633423780779918
"T841B",11,282929.782082324,0.525204518613607,1.803278689,56.2295082,22.95081967,16.8852459,0.536994575045208
"T841C",12,320024.93765586,0.565094440488402,1.803278689,56.2295082,22.95081967,16.8852459,0.577777358105349
"T843A",18,313000,0.73924220859528,0,26.38504155,51.10803324,21.32963989,0.73924220859528
"T846A",5,660000,0.707121815320793,0,14.42041043,5.823627288,78.86855241,0.707578787878788
"T846B",8,511411.229135053,0.617851765929959,0,14.42041043,5.823627288,78.86855241,0.664105989336493
"T850A",13,333474.962063733,0.608217391304348,10.56625803,36.31056626,13.25160537,39.87157034,0.612889552238806
"T850B",59,389551.122194514,0.540765514395745,10.56910569,26.59698026,2.113821138,57.97909408,0.600433766233766
"T851A",45,346000,0.738875856026522,0.69777584,69.29786306,11.25163541,10.29219363,0.899871794871795
"T852A",7,275000,0.589162073170732,0.199364525714286,69.4833338171429,4.98466447857143,12.5487177728571,0.607431226765799
"T860A",45,392130.750605327,0.73427118902439,3.235470342,46.97423607,5.512282804,42.84002397,0.737143243243243
"T860B",26,351750,0.3498442214445,10.56910569,26.59698026,2.113821138,57.97909408,0.3498442214445
"T860C",25,354000,0.513168316831683,0,0,7.530647986,92.46935201,0.513168316831683
"T860L",90,404750,0.749996270102693,2.912621359,13.03744799,2.357836338,75.17337032,0.747984724938837
