VCS,VCS_PERCENT_ASIAN,VCS_PERCENT_BLACK,VCS_PERCENT_HISPANIC,VCS_PERCENT_WHITE
R707A,14.214150031859154,7.453184900024647,1.02478745225,74.69755509746479
R797A,16.01343785,4.479283315,1.511758119,74.41209406
R708A,11.040287191951219,2.978065725138211,0.2458143282926829,85.15316175699188
D798H,16.01343785,4.479283315,1.511758119,74.41209406
R798B,15.07065358265306,4.344273570510204,1.4192014994693876,75.24114676612245
C798A,10.880501283333333,3.7442302616666665,1.007838746,78.92582546
A798A,0.61462815,2.274124155,0.0,87.95328825999998
D798F,0.61462815,2.274124155,0.0,87.95328826
D798D,0.61462815,2.274124155,0.0,87.95328826
R798C,0.61462815,2.274124155,0.0,87.95328826
C799A,5.542688666666667,10.906106583333333,9.470780973,68.81964985666666
T798A,16.01343785,4.479283315,1.511758119,74.41209405999999
A798B,16.01343785,4.479283315,1.511758119,74.41209406
D798A,0.61462815,2.274124155,0.0,87.95328826000001
D798E,0.61462815,2.274124155,0.0,87.95328825999998
D798C,0.61462815,2.274124155,0.0,87.95328826
D798B,0.61462815,2.274124155,0.0,87.95328826
R708D,7.248318017695651,11.220592381869563,6.1246055862434785,74.45034476165218
R798E,0.61462815,2.274124155,0.0,87.95328826
D798G,16.01343785,4.479283315,1.511758119,74.41209406
R799A,0.0,20.25316456,4.068716094,70.70524412
R709B,0.61462815,2.274124155,0.0,87.95328826
C800C,12.6525480668,33.7242220496,19.42800768328,32.680287398800004
R799B,0.0,20.25316456,4.068716094,70.70524412
R708B,0.0,20.25316456,4.068716094,70.70524412
A800B,10.558080875294118,34.477379238,16.845374866941174,31.687459184705887
R708G,0.0,20.25316456,4.068716094,70.70524412
C800A,17.6162790675,15.7028260225,1.36601623275,62.32747382
R707E,16.01343785,4.479283315,1.5117581189999998,74.41209406
R707B,16.01343785,4.479283315,1.511758119,74.41209406
R708F,8.610086101,21.52521525,0.0,68.94218942
R707C,16.01343785,4.479283315,1.5117581189999998,74.41209406
D708A,16.01343785,4.479283315,1.511758119,74.41209406
T708A,10.07462687,2.686567164,0.0,87.23880597
R708E,7.371167645,11.219830400000001,6.196999347999999,74.36399217
T708C,7.371167645,11.2198304,6.196999348,74.36399217
R708R,7.371167645,11.219830400000001,6.196999347999999,74.36399217
R708C,10.07462687,2.686567164,0.0,87.23880597
T708B,10.07462687,2.686567164,0.0,87.23880597
M708C,10.07462687,2.686567164,0.0,87.23880597
M708A,7.371167645,11.2198304,6.196999348,74.36399217
C708A,8.547635932444443,10.665494843555555,2.7542219324444446,77.45075171444445
A708A,7.784140463666667,14.654958683333334,4.131332898666667,72.55672458666668
M708B,7.847674743461539,15.183439957692306,3.8135380603076925,72.27868342000001
A718A,2.7728583162857143,33.87301518571429,12.360210720285716,49.128925550000005
C708B,0.0,25.964912280000004,26.9005848,44.09356725
C708C,8.610086101,21.52521525,0.0,68.94218942
R709F,2.677974206669697,33.30366861487879,13.87791700748182,47.71620154612121
T718E,8.610086101,21.52521525,0.0,68.94218942
C718A,5.353981889891893,44.488587964054055,1.341292158972973,47.85319338540541
R709A,0.61462815,2.274124155,0.0,87.95328826
R709C,7.371167645,11.2198304,6.196999348,74.36399217
R709D,7.371167645,11.2198304,6.196999347999999,74.36399217
T709F,7.371167645,11.2198304,6.196999348,74.36399217
R709E,7.371167644999999,11.2198304,6.196999348,74.36399217
T709A,7.371167645,11.2198304,6.196999348,74.36399217
C800B,15.894191444285715,28.41083272142857,14.304544416714284,39.69751849714286
A800A,12.159517663846154,31.417296416615383,17.433800055153846,35.946297641538465
D709A,7.371167645,11.2198304,6.196999348,74.36399217
D709C,7.371167645,11.219830399999998,6.196999348,74.36399217
T709B,0.0,25.96491228,26.9005848,44.09356725
R709N,0.0,25.96491228,26.9005848,44.09356725
C708D,7.371167645,11.2198304,6.196999348000001,74.36399217
T709C,0.0,25.96491228,26.900584799999997,44.09356725
R709G,0.0,25.96491228,26.9005848,44.09356725
M709A,0.0,25.96491228,26.900584799999997,44.09356724999999
D709B,0.0,25.96491228,26.900584799999997,44.09356725
T709H,0.0,25.96491228,26.9005848,44.09356725
C820A,6.362858695102273,11.418850607204545,3.2251845222954545,68.33443162522727
R709H,0.0,25.96491228,26.9005848,44.09356725
T709D,10.19855596,39.07942238,24.68411552,24.81949458
C800D,18.16197220395349,21.445650213627907,11.641518809069767,46.139987261395355
R709S,0.0,25.96491228,26.9005848,44.09356725
R709K,5.809698079,22.64409881,0.0,70.3568161
R709I,5.809698079,22.64409881,0.0,70.3568161
R719N,5.809698079,22.64409881,0.0,70.3568161
R709L,5.809698079,22.64409881,0.0,70.3568161
R709Q,5.809698079,22.644098810000003,0.0,70.3568161
R709O,5.809698079,22.64409881,0.0,70.3568161
R709P,6.5506282982,24.7989585835,5.099246282249999,62.029140490500005
T709E,10.19855596,39.07942238,24.684115519999995,24.81949458
C800E,4.933682262461539,28.12827203307692,4.047438046538462,60.314560911538464
R709M,5.809698079,22.64409881,0.0,70.3568161
R709J,5.809698079,22.64409881,0.0,70.3568161
R719E,2.6130418166333333,0.33048433040666664,3.08517086554,87.5013997992
R717B,20.94517958,7.069943289,1.8903591680000003,65.86011342
T717B,20.94517958,7.069943289000001,1.890359168,65.86011342
T717C,20.94517958,7.069943289,1.890359168,65.86011342
C718D,16.81114311,7.59910289,1.728177347,68.724240155
R707D,20.94517958,7.069943289,1.890359168,65.86011342
T707A,20.94517958,7.069943288999999,1.890359168,65.86011342
R727A,10.904149809623966,22.572825021132232,4.911870159421487,56.62870680173554
R707F,15.23581117027966,8.180393280347458,1.8961232390508476,69.26871190347458
R717L,20.94517958,7.069943289,1.890359168,65.86011342
R717M,20.94517958,7.069943289,1.890359168,65.86011342
R707U,20.94517958,7.069943289,1.890359168,65.86011342
R717D,9.962196983090909,19.73029282476,1.8963546845527273,62.72731571825454
T717A,20.94517958,7.069943289000001,1.8903591680000003,65.86011342
R717G,20.94517958,7.069943289000001,1.890359168,65.86011342
R717F,20.94517958,7.069943289,1.890359168,65.86011342
R717C,9.922113105,19.77649848,1.896376566,62.71588215
R717K,9.922113105,19.77649848,1.896376566,62.71588215
R717H,9.922113105,19.77649848,1.896376566,62.71588215
R717I,9.922113105,19.77649848,1.896376566,62.71588215
R717J,9.922113105,19.77649848,1.896376566,62.71588215
D718A,8.610086101,21.52521525,0.0,68.94218942
M718A,8.610086101,21.52521525,0.0,68.94218942
M718C,5.809698079,22.64409881,0.0,70.3568161
R718A,20.94517958,7.069943289,1.890359168,65.86011342
C718C,20.94517958,7.069943289,1.890359168,65.86011342
C718B,2.7062497137368418,61.60527044842106,3.5417876294210524,30.946406221052634
R718B,12.67710664,8.128262491,1.5659955260000002,71.58836689
R718H,12.67710664,8.128262491,1.565995526,71.58836689
A718B,12.67710664,8.128262491,1.565995526,71.58836689
T718R,2.199661591,24.95769882,1.8612521149999999,69.20473773
C718J,2.011680727,66.32057106,3.958468527,26.47631408
R718D,5.070026322478193,23.066922884267914,3.02670340570405,66.85843937825545
C728A,12.217941050833332,10.069635155833334,1.6210590326666667,70.10961943333334
A718C,5.150147433333333,51.20613437166667,12.320387373833334,28.783808405000002
D718B,2.011680727,66.32057106,3.958468527,26.47631408
R718G,2.011680727,66.32057106,3.958468527,26.47631408
T718B,2.011680727,66.32057106,3.9584685269999995,26.476314079999998
C718I,2.9461958439333333,58.547045432000004,3.5921765634000002,33.448184438000006
M718D,8.926553672,28.70056497,2.259887006,57.40112994
C728B,16.81547619,24.35515873,28.670634920000005,30.158730159999998
R718C,11.99677972990164,26.206882695901637,1.1855144949508196,57.68943570295082
C718H,11.3727349841,36.314834621,1.1875405580999998,48.548190563999995
A728A,16.81547619,24.35515873,28.67063492,30.15873016
R718I,15.38461538,23.455233289999995,0.0,58.0075662
R728C,16.81547619,24.35515873,28.670634920000005,30.158730159999998
T728A,16.81547619,24.35515873,28.67063492,30.15873016
C718E,10.859524290062499,32.672741464375,17.407434293125,34.15090234375
M718B,15.38461538,23.45523329,0.0,58.0075662
R718K,8.926553672,28.70056497,2.259887006,57.40112994
R709R,5.179994773097345,18.72883270938053,4.951110605,62.1741032180531
R719C,3.072870939,0.0,3.248463565,85.95258999
R719F,0.8804989496565218,9.245873080230433,2.4460407993666666,85.37346325237681
M719A,5.82010582,23.28042328,6.084656085,54.4973545
R719A,5.82010582,23.28042328,6.084656085,54.49735450000001
T719B,6.588579795,46.41288433,0.0,46.99853587
T719A,5.82010582,23.28042328,6.084656085,54.49735450000001
R719B,6.588579795,46.41288433,0.0,46.99853587
T719C,6.588579795,46.41288433,0.0,46.99853586999999
T719D,6.588579795,46.41288433,0.0,46.99853587
C719A,0.6172839502222223,4.5348383602222215,2.2658146735555555,91.37261567444445
R729D,7.88243060171029,27.045732715273463,5.622275110458483,56.953895335261734
R719D,0.9260706939452054,18.959656302328767,1.7904918186301373,75.25764505027398
T719E,0.0,27.138331569999995,1.16156283,70.64413939
T719F,6.360750772981132,8.123224873801332,3.071502645937847,80.30268463856825
A729A,1.8337769890000002,22.91238368,4.859190499333334,69.98057015333333
R719G,2.064209375453125,39.19172625465625,3.577737152609375,46.77348939054688
T719H,0.0,27.13833157,1.16156283,70.64413939
R719I,5.501330967,8.42945874,7.808340728,77.01863354
D719A,5.501330967,8.42945874,7.808340728,77.01863354
R719L,5.950265910945455,28.387111025854548,3.1682831008181815,54.20015741436364
R719H,0.0,27.13833157,1.16156283,70.64413939
R729C,1.405975395,7.029876977,6.590509666,79.61335677
R719K,1.4059753950000002,7.029876977,6.590509666,79.61335677
R719J,1.963439404,39.47190251,3.588354773,46.58090724
R727J,9.922113105,19.77649848,1.896376566,62.715882150000006
R727B,4.008765699784067,44.70404235253668,1.8157782874926625,42.63972262798742
R727E,4.8697323745,45.893693135,1.4296180615,42.15968903
R727D,9.028807580165703,27.497706920134878,1.557604925088632,56.88978996190752
R727C,7.998303165915152,33.36963303563636,1.7784183869939394,53.40531131745455
T727A,6.370072068156522,32.219564515391305,9.071204104743478,48.88507890613044
R727I,8.464534434939024,19.386089040243903,2.147274637402439,64.12464769634146
R727G,2.958649489151671,22.99776202344473,7.608016337933161,59.39902749645244
C737A,1.152073733,68.8172043,0.0,23.88632873
C727A,5.1932136856,34.944957504,2.227698374,55.225604284
R727F,0.72815534,17.31391586,3.4789644010000003,71.60194175
T728B,4.80349345,35.80786026,0.0,57.31441048
R727H,0.3751103266666667,14.482088771515151,7.354992565363636,68.11337831242425
M727A,0.0,11.47327249,11.47327249,64.40677966
C738J,1.1008704559777778,66.26858510844444,0.5099232217777777,25.687237660222223
R728D,16.81547619,24.35515873,28.670634919999998,30.158730160000005
R728B,11.03834973774074,28.453007253148147,18.60588613203704,39.75245478111111
M728A,6.272273698999999,40.62722737,12.40199572,27.44119743
M728B,6.272273698999999,40.62722737,12.40199572,27.44119743
R718E,6.272273699,40.62722737,12.40199572,27.44119743
C738A,2.539532166033333,20.047955596,28.880843666500002,39.500178318
R718F,6.251171109220096,40.58357635210527,12.36961532371292,27.575038651578947
C718G,6.272273699,40.62722737,12.40199572,27.44119743
R727K,10.828835502,30.979911809183676,7.281047339632654,47.95346709877551
T718D,6.15907498531068,26.311700373883493,2.1089443968737864,63.23674730650485
R729A,6.159946277275563,26.42188717051993,2.1881701461750436,62.96122849564991
T804A,6.752094628,31.49334648,11.13849187,46.8703795
C738I,10.607101860133332,22.352150912666666,10.278798564,50.007111688
A738C,18.137363024,25.249878318333334,4.778439153333333,46.725045228333336
T728C,16.81547619,24.35515873,28.67063492,30.15873016
T728S,3.147208122,26.1928934,0.0,58.07106599000001
T718F,6.272273699,40.62722737,12.40199572,27.44119743
T738A,1.861832435,31.50416463,5.634492896,55.41401274
R738A,1.8549874628125,31.68159877746323,5.639290244926471,55.259161132352936
A738A,1.4625549373333333,40.725806936666665,16.13158674,36.52698282666666
R729P,0.0,79.76625274,6.939371804,13.29437546
R729I,12.073185505101266,42.78757280276203,9.233576058369621,31.603370941139243
R738B,1.866901136847328,31.3469343919084,5.86492345038168,55.303009286106864
R729M,2.5764473356605375,54.14026130577086,12.54174505247242,29.164723362333806
D728A,4.80349345,35.80786026,0.0,57.31441048
T738B,1.861832435,31.50416463,5.634492896,55.41401274
M738C,0.0,11.47327249,11.47327249,64.40677966
R718J,8.926553672,28.70056497,2.259887006,57.40112994
C718F,5.5675920258823535,18.249892268470585,3.895335049352941,68.51407904647058
T729B,14.785218628892856,3.8228094491190476,2.2373889785357144,71.08469325244047
T729A,14.86199575,3.609341826,2.229299363,71.23142251
R729B,9.085752865902439,5.0776691103317075,4.1014286638,74.82952111917074
R729R,6.157965194,26.17135207,2.008032129,63.58768407
R729E,21.55207077,39.20386007,9.288299156,28.58866104
R729U,21.55207077,39.20386007,9.288299156,28.58866104
R729G,21.55207077,39.20386007,9.288299156,28.58866104
R729F,14.861995750000002,3.609341826,2.229299363,71.23142251
T729E,14.86199575,3.609341826,2.229299363,71.23142251
T729C,21.127304102063494,36.94389065768254,8.840108692952382,31.29613795873016
C820C,1.061571125,81.48627554685716,6.016643567428572,7.241417536857143
R729O,21.55207077,39.20386007,9.288299156,28.58866104
A739A,1.527812631888889,66.09865060555556,13.880959925703703,15.70080804911111
R729N,0.417469493,54.49582531,28.19524727,15.542710339999998
R820A,0.20323594877237047,61.164754733139716,7.979955917045526,27.049378827866565
R729J,0.417469493,54.49582531,28.19524727,15.54271034
R729Q,6.043928801518518,27.163850230555553,2.0993532340925927,62.65632650314815
C739F,5.2358991031578945,62.225836654210525,7.554554697789474,13.704744713263159
R729H,21.55207077,39.20386007,9.288299156,28.58866104
T729G,0.41746949299999997,54.495825309999994,28.195247269999996,15.542710340000001
T729D,0.4174694930000001,54.49582531,28.19524727,15.54271034
R729K,0.0,79.76625273999998,6.939371804,13.29437546
T729F,0.417469493,54.49582531,28.195247269999996,15.54271034
R729L,2.519525422881356,42.731671553559316,15.98878566179661,35.74170303237288
C739A,3.939903039166667,51.94716443666667,25.044089251,17.717035456666668
R739E,2.3768954872580643,58.49591934064516,10.020167731612903,18.160473895483868
R729S,2.32172471,64.59369818,7.711442786,11.35986733
C820D,0.302877334625,86.60808513208333,6.081926623208333,5.9282700772500005
T739E,2.52293578,42.35474006,16.13149847,36.16207951
R830B,2.37758707680625,49.892364813625,29.62077234075,17.4901124716625
T737B,1.152073733,68.8172043,0.0,23.88632873
A737A,1.152073733,68.8172043,0.0,23.88632873
C738G,1.152073733,68.8172043,0.0,23.88632873
M737B,1.1520737329999997,68.8172043,0.0,23.88632873
C748A,6.961859106354166,34.885836943125,3.4317088038541663,49.192351351875004
M737A,1.152073733,68.8172043,0.0,23.88632873
C737B,1.152073733,68.8172043,0.0,23.88632873
C747I,34.10672854,30.9579052,1.491547895,31.15677826
T737A,34.10672854,30.957905200000003,1.491547895,31.156778259999996
A747B,34.10672854,30.9579052,1.491547895,31.15677826
D747A,34.10672854,30.9579052,1.491547895,31.15677826
M738D,1.152073733,68.8172043,0.0,23.88632873
M738B,1.152073733,68.8172043,0.0,23.88632873
M738A,1.152073733,68.8172043,0.0,23.88632873
C738H,1.1520737329999997,68.8172043,0.0,23.88632873
C738B,2.525832377,10.907003440000002,35.82089552,40.87256028
C738C,3.199780464333333,41.407281313333336,19.01380752,32.57934164
C738F,1.152073733,68.8172043,0.0,23.88632873
C738E,2.525832377,10.90700344,35.82089552,40.87256028
C738D,2.608570968636364,18.272817217272728,31.960980619636363,38.623011197854545
C739C,2.525832377,10.90700344,35.82089552,40.87256028
M748A,,,,
R739D,2.9634097819365075,58.5202524273545,9.956556848571429,22.353018182328043
T739G,2.32172471,64.59369818,7.711442785999999,11.35986733
R840A,3.968641049654288,30.552228727992926,9.230536362660478,50.383549570109636
T739D,3.2694479524399997,58.4034013946,9.972522958519999,24.676702022199997
C739D,1.6989527554117647,65.09224375647058,16.238840345058826,15.215281068352942
T739B,0.0,95.77384352,0.0,4.226156482
D739A,0.0,95.77384352,0.0,4.226156482
R739B,13.099218090624998,33.899195940481924,14.94985224937952,35.01154843985241
R739A,0.0,95.77384352,0.0,4.226156482
R830H,2.423018677,49.01564866,30.186774359999998,17.74356386
C739E,1.9384149416,58.367287632,24.149419488,15.0400823844
ARTPD,3.8092958802499997,47.784312854999996,23.3704924565,23.566637037499998
T739J,3.5367545079999996,56.65742025000001,10.61026352,28.43273232
M739B,0.0,95.77384352,0.0,4.226156482
R830I,2.4230186769999995,49.01564866,30.186774359999998,17.74356386
T830D,2.423018677,49.01564866,30.186774360000005,17.74356386
C739I,2.8291090163,24.632128483,28.25770592,37.140611892
T739I,2.423018677,49.01564865999999,30.18677436,17.74356386
T739A,2.423018677,49.01564866,30.186774360000005,17.74356386
C830A,1.907618504090909,54.47967666181818,27.18960395272727,14.187716285727271
C830E,4.327096093836363,51.61121760763636,25.53763564290909,16.497598980981817
T739F,2.525832377,10.907003440000002,35.82089552,40.87256028
R739C,21.79824561,39.69298246,0.0,37.93859649
R830D,21.79824561,39.69298246,0.0,37.93859649
T830A,21.79824561,39.69298246,0.0,37.93859649
T739C,21.79824561,39.69298246,0.0,37.93859649
T739K,21.79824561,39.69298246,0.0,37.93859649
M739A,,,,
T830E,17.744219386344085,38.084568786881725,2.95816312172043,39.604674158817204
A840C,12.37263464,35.95342067,6.877729258,41.81222707
C747G,34.10672854,30.957905199999995,1.491547895,31.15677826
R747W,34.10672854,30.9579052,1.491547895,31.15677826
R747C,34.10672854,30.9579052,1.491547895,31.15677826
T747D,34.10672854,30.9579052,1.491547895,31.15677826
R747A,34.10672854,30.9579052,1.491547895,31.15677826
T747B,34.10672854,30.9579052,1.491547895,31.15677826
T747A,16.76085218579439,26.84012027275701,10.526933288820093,43.26327132091121
C747E,34.10672854,30.9579052,1.491547895,31.15677826
C747D,34.10672854,30.9579052,1.491547895,31.15677826
A747A,34.10672854,30.9579052,1.491547895,31.15677826
C747B,34.10672854,30.957905200000003,1.491547895,31.15677826
M747B,34.10672854,30.9579052,1.491547895,31.15677826
M747A,34.10672854,30.9579052,1.491547895,31.156778259999996
C747F,34.10672854,30.957905199999995,1.491547895,31.15677826
C748B,16.106337428235292,27.078582737058824,10.144402443,43.851220579999996
A757A,14.916501014999998,28.0761026275,8.41292299525,45.107844942499995
C747C,34.10672854,30.9579052,1.491547895,31.15677826
C758C,12.323267806666665,30.25018444,4.639185737333333,47.84664163
R747E,16.47244094,26.771653539999996,10.67716535,43.46456693
C757A,18.8337335715,30.141049667363635,2.565286194181818,44.180002313181824
C757B,16.47244094,26.77165354,10.67716535,43.46456693
R747D,16.47244094,26.77165354,10.67716535,43.46456693
C748C,10.24868124,31.98944989,1.620195931,50.03767898
C748D,10.24868124,31.989449889999996,1.620195931,50.03767898
R748A,10.24868124,31.98944989,1.620195931,50.03767898
C840C,12.37263464,35.95342067,6.877729258,41.81222707
R840H,12.37263464,35.95342067,6.877729258,41.81222707
T840C,12.37263464,35.95342067,6.877729258,41.81222707
R749E,12.37263464,35.95342067,6.877729258,41.81222707
T840D,0.0,21.01865136,0.0,72.30989957
C749A,5.097164831258064,26.348341702903227,0.8789270691290322,61.183117991290324
M749B,0.0,21.01865136,0.0,72.30989957
C749D,1.79839429098,21.412713169,1.2999657569199998,67.5500489306
T749A,0.0,21.01865136,0.0,72.30989957
A759A,3.9634146337500002,27.83027491875,8.474788199375,55.72350067125
R840M,0.0,21.01865136,0.0,72.30989957
C749B,10.24868124,31.98944989,1.620195931,50.03767898
T749C,10.24868124,31.98944989,1.620195931,50.03767898
M749A,0.0,21.01865136,0.0,72.30989957
T749B,10.24868124,31.989449889999996,1.6201959310000003,50.03767898000001
R749B,10.099511488225,31.73164049375,1.653286037175,50.323311492500004
R840J,4.281891169,21.67707404,2.943800178,61.46297948
C749E,0.5838942503181818,29.90290673181818,9.969622745454545,52.701478776363636
C840A,6.0171737895833335,31.636930921527778,8.42739795413889,50.390630870694444
C759A,10.24868124,31.98944989,1.6201959310000003,50.03767898
T840F,0.0,38.58490566,24.62264151,32.83018868
C759B,4.562925540425001,30.260875752699995,14.313928614549999,47.8000043015
R749C,10.24868124,31.98944989,1.620195931,50.03767898000001
C749C,4.281891169,21.67707404,2.943800178,61.46297948
R840W,0.0,38.58490566,24.622641509999998,32.83018868
R759A,0.0,38.58490566,24.62264151,32.83018868
T757C,16.47244094,26.77165354,10.67716535,43.46456693
R757A,8.977337035,40.35735824708333,3.081225564525,43.20294138325001
C757C,16.47244094,26.77165354,10.67716535,43.46456693
T757D,16.47244094,26.77165354,10.67716535,43.464566930000004
T758C,10.24868124,31.989449890000003,1.620195931,50.03767898
C758B,9.98038079882353,33.413079954705886,1.7733077915882354,48.97864104941177
R759B,10.24868124,31.98944989,1.620195931,50.03767898
T758A,9.895933717517984,33.86116495708633,1.821499474327338,48.645310765503595
T757O,10.24868124,31.98944989,1.620195931,50.03767898
T758D,9.309229247462687,36.97427993746269,2.156315968223881,46.329465569313435
T759C,0.0,44.66279589,6.208128629,39.88387673
R758A,7.9681274900000005,44.09030544,2.921646746,41.03585657
R759G,0.0,44.66279589,6.208128629,39.88387673
T758T,7.968127489999999,44.09030544000001,2.921646746,41.03585657
C758E,0.0,44.66279589,6.208128629,39.88387673
R850A,10.56910569,26.59698026,2.113821138,57.97909408000001
R759F,10.24868124,31.98944989,1.620195931,50.03767898
R759C,4.281891169,21.67707404,2.943800178,61.46297948000001
R759D,4.281891169,21.67707404,2.943800178,61.46297948
R850E,10.56910569,26.59698026,2.113821138,57.97909408
R759E,2.989198695,40.96640330666667,4.869981592083333,42.84540238625
T759B,0.0,44.66279589,6.208128629,39.88387673
C759C,1.577538851736842,32.67559349631579,15.666515078157895,43.75035834578947
M759A,4.281891169,21.67707404,2.9438001779999996,61.462979479999994
T759A,4.281891169,21.67707404,2.943800178,61.46297948
R759H,10.56910569,26.59698026,2.113821138,57.97909408
T850B,10.56910569,26.59698026,2.113821138,57.97909408
R769A,4.577897445502924,12.508449943064328,4.9449620239309935,74.88125380604679
T769H,0.0,44.66279589,6.208128629,39.88387673
R769C,2.038762315584538,4.806662910697978,14.376948716091762,78.77672438622832
T769D,2.912621359,13.03744799,2.357836338,75.17337032
R769D,2.9126213589999996,13.037447989999999,2.357836338,75.17337032000002
T769B,2.031694433,4.794798862,14.384396589999998,78.78911012
T769A,11.81364393,21.21464226,4.076539101,61.64725458
R769E,2.031694433,4.794798862,14.38439659,78.78911012
T769C,11.81364393,21.21464226,4.076539101,61.64725458
T769G,11.81364393,21.21464226,4.076539101,61.64725458
R769M,11.81364393,21.21464226,4.076539101,61.64725458
R769K,2.912621359,13.03744799,2.357836338,75.17337032
R769B,11.81364393,21.21464226,4.076539101,61.64725458
R769N,11.813643929999998,21.21464226,4.076539101,61.647254579999995
R769V,11.81364393,21.21464226,4.076539101,61.647254579999995
T779A,11.81364393,21.214642259999998,4.076539101,61.64725458
R779C,11.81364393,21.21464226,4.076539101,61.64725458
R779H,11.81364393,21.21464226,4.076539101,61.64725458
R779B,11.81364393,21.21464226,4.076539101,61.64725458
R779A,11.683385063107316,21.094976002390247,4.0513873532487805,61.84519773717073
R800B,11.43912595732949,11.327816401151564,1.5979117843311368,70.59843231349258
R800E,8.149171271,8.908839779,0.0,82.11325967
R800C,9.739743342847751,11.92294470950519,0.1043554677231834,74.70020983207613
R800D,8.149171271,8.908839779,0.0,82.11325967
R800G,14.19753086,20.37037037,0.396825397,53.92416226
C800F,4.895700296551724,10.54150702437931,54.75752599724137,18.59453871034483
R800A,14.19753086,20.37037037,0.396825397,53.92416226
C800G,4.9984213805,41.403313114,9.3736266437,40.469836607000005
C811C,14.118228131764706,10.049291586705882,1.8700072620588235,66.8717517717647
T800A,3.072870939,0.0,3.248463565,85.95258999
T810A,0.0,41.46505376,27.62096774,30.91397849
,,,,
T810C,14.19753086,20.37037037,0.396825397,53.92416226
R801C,10.9975326,12.19598167,0.0,70.46175538
A801A,10.9975326,12.19598167,0.0,70.46175538
R801I,10.9975326,12.19598167,0.0,70.46175538000001
R801F,10.9975326,12.19598167,0.0,70.46175538
R801B,10.9975326,12.19598167,0.0,70.46175538
R801L,10.9975326,12.19598167,0.0,70.46175538
R801K,10.9975326,12.19598167,0.0,70.46175538
R801H,10.9975326,12.195981670000002,0.0,70.46175538
R801J,10.9975326,12.195981670000002,0.0,70.46175538
R801A,10.9975326,12.195981669999998,0.0,70.46175538
R801G,10.9975326,12.19598167,0.0,70.46175538
R801D,10.9975326,12.19598167,0.0,70.46175538
R801M,10.9975326,12.19598167,0.0,70.46175538
R801E,13.803535775974842,3.616950745194969,2.6559170395220124,75.47226191773585
C802A,3.3944838143148144,16.20625619913889,15.323023238388888,60.607941675
R803A,0.0,6.994047619,18.75,69.64285714
R802A,6.420545746,3.531300161,0.0,85.71428571
R802B,7.406131507867102,19.480832277440086,6.5802458081525055,63.825973132919394
T802A,5.090595341,10.00862813,5.522001726,77.82571182
A802A,4.292328779,18.0415743355,21.23534716,54.263815535
D802A,6.420545746,3.5313001609999994,0.0,85.71428571
R803C,2.2846015009586775,15.152261589504132,2.135490802504132,64.13874252809917
R814D,1.35451151552809,8.796350166320224,7.130627272421348,69.7736529888764
T803A,0.0,6.848112379,3.511852502,84.98683055
R803B,2.490421456,15.90038314,2.011494253,62.26053639999999
M803A,0.0,6.994047619,18.75,69.64285714
R803F,0.0,7.452810887285047,3.1344104106635515,85.25968490448597
R803E,0.04331167749565217,11.213055971243477,0.859504400521739,86.49012053452174
R803G,0.0,9.636582809636126,5.9032209032827225,84.20071405298428
T803B,2.490421456,15.90038314,2.011494253,62.2605364
R803D,0.0,9.520594193,6.144496962,84.06482107
M803B,0.0,6.994047619,18.75,69.64285714
R813A,0.09437141894314381,15.188726089327758,3.96973828438796,75.41190736528428
T804C,0.0,24.72783826,17.41835148,55.98755831999999
R804A,0.4686313400671785,17.587011169616122,10.043525508310939,65.09364538053742
R804C,0.0,24.763710376666666,14.990731668888888,58.361677431111104
R816C,0.5804297132082819,25.163381628290484,9.50361823171261,60.758333924091474
T804B,0.0,24.72783826,17.41835148,55.98755832
R804B,0.0,24.757749274926468,15.39414496102941,57.96715469647059
C814A,0.43405676120000003,16.03670711,9.902504233699998,65.006775702
R805A,0.0,24.79240807,13.04863582,60.26097272
R815D,0.0,24.79240807,13.04863582,60.26097272
R816B,0.1080766674749164,6.035357137491639,0.0,87.48848088123745
R817E,0.117508813,2.23266745,0.0,92.00940071
R817B,0.0,2.479338843,0.0,91.94214876
R810F,0.0,41.46505376,27.62096774,30.91397849
C810H,0.5158730158333333,42.09693420083334,26.231918840833334,31.155273933333334
R810E,0.0,41.46505376,27.62096774,30.91397849
R810D,0.0,41.46505376,27.62096774,30.913978489999998
T810D,22.3880597,32.46268657,3.731343284,29.85074627
D810A,22.3880597,32.46268657,3.731343284,29.850746269999995
C810A,22.388059700000003,32.46268657,3.731343284,29.85074627
A810B,8.432941792571429,30.329466644285713,25.270306115428575,31.736188684285715
C810C,6.545274323156627,20.928689896819275,27.080130323325303,39.51858231144578
T810E,0.0,41.46505376,27.620967740000005,30.91397849
T810F,0.0,41.46505376,27.620967739999998,30.91397849
R810C,0.0,41.46505376,27.62096774,30.91397849
C810I,0.894332652888889,35.40020366888889,23.913226682222223,39.46172274777778
M810H,22.3880597,32.46268657,3.731343284,29.85074627
C810F,13.342589714875,24.68865126,12.41993324575,42.89524873
C810B,5.497216224307692,7.319617128461539,0.24796876646153845,77.18033558153846
C811B,14.40329218,1.7832647459999997,3.2235939640000004,76.54320988
T811A,14.403292179999998,1.783264746,3.223593964,76.54320988
R811C,14.403292179999998,1.783264746,3.223593964,76.54320988
M810L,0.0,41.46505376,27.62096774,30.91397849
M810D,0.0,41.46505376,27.620967740000005,30.913978489999998
M810I,0.0,41.46505376,27.620967740000005,30.913978489999998
R810A,4.024496938,14.17322835,10.93613298,69.37882765
M810E,0.0,41.46505376,27.62096774,30.91397849
M810A,0.0,41.46505376,27.62096774,30.91397849
R810M,4.024496938,14.17322835,10.93613298,69.37882765
C810D,5.114988105,25.13877875,51.62569389,15.62252181
C810E,2.2585726395,16.760350421410255,19.687161163564102,57.34848679025641
A810A,2.682997958666667,21.49612119,7.494007352666666,67.33533077666668
M810B,4.024496938,14.17322835,10.93613298,69.37882765
M810J,4.024496938,14.17322835,10.93613298,69.37882765
R811B,14.235496546052172,1.8875728343652174,3.1675314602782607,76.55521369756524
R810G,0.07814557161165049,56.164376878349515,4.348554102485437,39.38004355854369
R810K,1.3182930422817147,17.66718148185477,16.405259546090992,59.48524806076115
R810I,0.0,26.1316872416,27.401528514400002,44.75249853
M810G,4.024496938,14.17322835,10.93613298,69.37882765
M810F,4.755043228,7.780979827,0.0,77.23342939
T810B,0.0,56.99588477,4.218106996,38.78600823
R810H,0.0,44.135802466499996,13.877865962000001,41.272045854999995
M810M,4.755043228,7.780979827,0.0,77.23342939
R810S,0.0,56.99588477,4.218106996,38.78600823
R810N,0.0,12.40875912,2.773722628,79.27007299
M810C,5.114988105,25.13877875,51.62569389,15.62252181
R811F,6.340556815519824,11.631315286067549,2.642649591722467,66.8615220582232
R810J,0.0,27.31605510095238,1.1797565452738095,70.45450765690477
R810L,0.0,5.555555556,42.85714286,48.73015873
R810B,0.0,5.555555556,42.85714286,48.73015873
R811D,14.40329218,1.783264746,3.223593964,76.54320988
T811B,14.403292180000001,1.783264746,3.223593964,76.54320988
D811A,14.40329218,1.7832647459999997,3.2235939639999995,76.54320988
M811C,14.40329218,1.7832647460000002,3.2235939640000004,76.54320988
R800F,14.40329218,1.783264746,3.223593964,76.54320988
R811E,14.40329218,1.783264746,3.223593964,76.54320988
C811A,11.346166943090909,22.08022940787879,11.632674833136363,49.53961247055303
R811A,4.278021037513513,2.1277134681081082,2.302489931351351,89.7528389218919
R811G,0.0,26.24179944,28.39737582,28.49109653
M811A,4.433464895333333,0.055309734500000006,0.8941740416666667,94.35416701166666
M811B,4.655493482,0.0,0.0,95.15828678
D811B,0.0,26.24179944,28.39737582,28.49109653
R811H,0.0,26.241799439999998,28.39737582,28.491096529999997
T811C,0.0,26.241799440000005,28.397375819999997,28.491096530000004
R802C,10.944442046330934,40.07026619848921,12.162503653410072,33.1986586542446
A812O,9.976950313666666,30.892119916666662,6.553127306,49.237963580000006
T812A,12.4201278,41.33386581,7.068690096,34.94408946
T812E,12.420127799999998,41.33386581,7.068690096,34.94408946
T812B,12.4201278,41.33386581,7.068690096,34.94408946
R812E,12.4201278,41.33386581,7.068690095999999,34.94408946
D812C,12.4201278,41.33386581,7.068690096,34.94408946
A812C,12.309242532142857,40.73861290285715,17.857008205714287,26.623233807142856
A812B,2.164111812,32.55184851,42.47069432,22.81334536
C812E,13.322835552727271,39.732017332727274,14.059002004,29.368371807272727
A812P,12.4201278,41.33386581,7.068690096,34.94408946
C812A,1.6097546205894735,5.034098567621053,12.484502703052632,75.50456742505264
R813B,0.6015909385027625,8.04677596339779,4.476838716154696,82.97479258044199
R812D,10.77981651,42.66055046,17.66055046,27.06422018
D812B,10.77981651,42.66055046,17.66055046,27.06422018
M812B,10.77981651,42.66055046,17.66055046,27.06422018
M812E,12.420127799999998,41.33386581,7.068690096,34.94408946
T812C,12.420127799999998,41.33386581,7.068690096,34.94408946
R812V,12.4201278,41.33386581,7.068690096,34.94408946
R812B,2.7995907710714287,3.4447976601785717,5.797392712875,81.95367913767858
M812C,1.630434783,12.36413043,13.31521739,69.70108696
C812H,34.072989645,12.95304821,15.51082296,31.13222838
A812F,32.19178082,15.753424660000002,20.4109589,20.89041096
A812L,33.470546244000005,17.218124344,19.777898634000003,20.93069105
C812G,28.9670366075,22.59025390125,20.43718464,19.315896187375
A812N,32.19178082,15.75342466,20.4109589,20.89041096
C812B,1.630434783,12.36413043,13.31521739,69.70108696
R813C,6.554137783571949,15.217258850163933,6.80496424614572,69.4509733559745
M812A,1.630434783,12.36413043,13.31521739,69.70108696
C813E,1.4492753626666668,13.829032116666665,12.067230272555555,69.99745741444445
A812E,32.19178082,15.75342466,20.4109589,20.89041096
C812I,32.19178082,15.75342466,20.4109589,20.89041096
C812M,6.438356164,53.650333067999995,23.1110447,10.6523960552
A812I,35.95419847,10.15267176,10.61068702,41.3740458
A812G,32.19178082,15.75342466,20.4109589,20.89041096
A812H,38.58560794,23.07692308,17.24565757,21.09181141
T812D,32.19178082,15.75342466,20.4109589,20.89041096
C812F,2.926525529090909,58.818093305454546,23.47923821818182,9.256303113636363
M812D,35.95419847,10.15267176,10.61068702,41.3740458
D812D,35.95419847,10.15267176,10.61068702,41.3740458
C812L,27.964376587777778,21.924202517777776,13.538549048888889,33.978233917555556
A812J,35.95419847,10.15267176,10.61068702,41.3740458
A812D,0.0,63.12456017,23.78606615,8.092892329
R812A,0.37846524705263157,62.56696134463158,23.64737794863158,8.443220260273684
R812C,2.624671916,2.755905512,5.774278215,82.80839895
C822U,2.536832100857143,2.7329595275714285,8.060242377142858,82.37165391571429
D812A,0.0,63.12456017,23.78606615,8.092892329
C812D,0.0,63.12456017,23.78606615,8.092892329
A813B,4.1598662208,16.455301294,7.281215161,70.292580534
C822S,12.68065737487324,6.10486345171831,10.093961114295773,61.315199890845065
R822F,2.82188124281268,4.509244587583574,10.827309470778099,78.6214000204755
R822H,2.025466188508333,0.7770437018083334,10.461648776229168,85.36257515195832
C813A,0.9963768118333335,11.92622785611111,12.396336552222223,60.96547906888889
R822E,10.892029850177018,5.268001666580746,9.019738168670807,66.10607088369565
M811D,1.991150442,0.663716814,10.7300885,85.50884956
A823A,0.0,11.23809524,10.95238095,47.23809524
M813B,0.0,6.994047618999999,18.75,69.64285714
R813S,0.0,6.848112379,3.511852502,84.98683055
C802B,0.40760869575,11.708399970750001,4.864928588,82.20425819249999
T813A,0.0,9.520594193,6.144496962000001,84.06482107
R813E,1.630434783,12.36413043,13.31521739,69.70108696
R813F,0.0,9.520594193,6.144496962,84.06482107
R813H,0.9590685257796611,7.712085531271187,5.252704981355932,83.8470177516949
R813G,2.637898686609756,22.545703016609757,2.646630264788618,71.70478294934958
R813D,1.630434783,12.36413043,13.31521739,69.70108696
R814I,2.978160159,3.904698875,3.37524818,83.38848445000002
T813C,8.769230769,16.0,3.846153846,69.84615385
C813D,8.769230769,16.0,3.846153846,69.84615385
T813B,1.6304347830000003,12.36413043,13.315217390000003,69.70108696000001
R813L,8.769230769,16.0,3.846153846,69.84615385
T813D,8.769230769,16.0,3.8461538459999995,69.84615385
D813A,1.630434783,12.36413043,13.31521739,69.70108696
M813A,1.630434783,12.36413043,13.315217390000003,69.70108696
C813C,1.630434783,12.364130429999998,13.31521739,69.70108696
A823B,0.8527131783076923,57.63927700461538,16.47655126846154,24.099095415384618
M813C,0.0,11.23809524,10.95238095,47.23809524
R823C,0.05585472512953368,11.779476159689118,12.254390577979276,46.92286180994819
C823A,0.7532958505882352,50.81022677058824,16.773046692352942,30.488422579999998
T823C,1.007751938,59.45736434,16.97674419,21.62790698
A823E,2.9838450829090912,42.15478007454545,16.651645922727273,33.854305046181814
R823A,1.007751938,59.45736434,16.97674419,21.62790698
D813B,1.007751938,59.45736434,16.97674419,21.62790698
R814G,0.0,0.7569746406122448,9.51184553994898,62.73815756183673
R814E,2.978160159,3.904698875,3.37524818,83.38848445
R814F,1.085141903,9.18196995,0.667779633,76.79465776
R815B,0.9181969948461539,13.761657488424907,1.7142805561575092,71.65876085842491
T814A,0.0,0.0,9.262166405,62.95133437999999
R814H,8.769230769,16.0,3.8461538460000004,69.84615385
T814U,0.0,0.0,9.262166405,62.95133437999999
R815A,0.4184233609025424,38.199349342796616,4.353536497110169,50.90193212038136
R824E,0.09764815200406919,14.45460841138759,10.97542614030519,65.2476663550356
R814C,0.0,47.63979666,13.7254902,37.69063181
R814B,2.978160159,3.904698875,3.3752481800000003,83.38848445
C824B,0.7843317128181817,43.70902458545454,17.68681053272727,36.32720229636364
R824I,0.95178030865,42.76672362328571,18.447292516178567,36.18723311942857
R824F,0.0,1.9252548129999998,32.27633069,61.49490374
C824A,0.0,27.4860665595,4.154585447071429,60.46829054285714
R815G,0.0,24.79240807,13.04863582,60.26097272
R815F,0.0,32.29474890511628,9.103699409302326,52.831412796046514
R815E,0.0,49.60784313999999,0.0,35.68627451
R815C,0.0,56.41025641,6.666666667,34.65201465
R816F,0.0,56.41025641,6.666666667,34.65201465
R816H,0.0,56.41025641,6.666666667,34.65201465
R825B,2.822979895844828,18.692811181264368,1.6331011491149425,70.50052578413793
R920B,0.2180341484548105,22.030298578888242,4.866005058442177,71.05132462100097
R816A,0.0,49.60784314,0.0,35.68627451
R816D,0.117508813,2.23266745,0.0,92.00940070999998
R818A,0.0,2.479338843,0.0,91.94214876
R817D,0.0,2.479338843,0.0,91.94214876
R817A,0.0,2.479338843,0.0,91.94214876
R818C,0.0,2.479338843,0.0,91.94214876
R827A,1.1432161010037878,24.521713184463636,5.721061864987879,67.33054199789395
R818B,0.0,2.479338843,0.0,91.94214876
C819A,0.0,34.18874172,8.443708609,57.36754967
T820C,0.0,36.14190687,0.609756098,63.248337029999995
T820D,0.0,36.14190687,0.609756098,63.24833703000001
M820A,7.051282051,11.05769231,0.608974359,68.46153846
M820M,0.0,87.47680891,6.307977737,2.319109462
R821C,6.656151031527639,11.141613942160804,0.8296183176934673,68.37170416703518
R820B,0.002197207857894737,87.30322478578947,6.423173892436842,2.388707361357895
C820B,0.17230576438095238,70.55065772142858,14.863957202190473,9.666370820333333
T820A,1.8092105260000002,12.17105263,3.536184211,67.26973684
R820E,1.809210526,12.17105263,3.536184211,67.26973684
R820H,2.779068340339207,11.317405816585902,4.698824330704846,73.9534708119163
A820E,0.0,57.984959529,21.354093744,16.2663394237
A820A,2.5070114188235295,16.68228132764706,8.04551703617647,66.50175105047059
ASTHD,1.809210526,12.17105263,3.536184211,67.26973684
R820C,0.0,87.47680891,6.307977737,2.319109462
R820F,0.4829703777870091,63.892122156601204,19.29341228858761,13.518273988546829
R820D,0.0,71.42466025281553,16.36972701029126,5.574506910621359
C820E,1.683299299388889,60.56297375638889,14.318848875027776,18.75734712138889
R820G,5.379195266351254,55.19210865865592,12.06877337538172,22.631682056232975
C821E,6.161010129905512,50.819692333858264,14.160968595984253,22.896731974409448
R830E,0.04326819066071429,71.56172089392857,16.612779290357143,5.189594199821428
R830F,1.068280522423077,65.91611739703178,21.923039129912205,4.916213653484114
C821P,2.0566239315416666,21.813101527083333,20.292425393875,40.14914209291667
A821C,0.0,26.24179944,28.39737582,28.49109653
D821G,7.051282051,11.05769231,0.608974359,68.46153846
C821N,4.199910102227273,44.55368815318182,23.486419450909093,20.018747828181816
R821D,5.539068648476416,40.30426550863208,14.99958947321698,36.558152894056605
R821E,2.2164249222141734,38.84253606314961,5.77535752136378,48.815566217874014
A822A,21.34986226,19.00826446,7.162534435,48.62258953
D821F,7.107540173,57.23114957,20.08652658,14.15327565
C821M,5.212196126866667,48.96732286866666,22.302753044,17.97669455133333
D821E,0.0,26.24179944,28.39737582,28.49109653
C821D,2.1947288083857144,43.01821021357143,4.592149342242858,46.07386207228571
A822B,21.34986226,19.00826446,7.162534435,48.62258953
C821L,6.819061248076924,53.64656074153846,18.953387260615386,19.08436168307692
D821B,2.705223881,19.7761194,8.02238806,65.29850746
T821B,1.968503937,54.13385827,2.854330709,36.61417323
D821D,2.705223881,19.7761194,8.02238806,65.29850746
C822N,8.572284244066667,16.325363063466668,8.104305849533334,61.79011849733333
C821H,4.793150463759124,13.813394691080292,4.021240890781022,63.533906162773725
C821C,2.4252195154782608,30.66848431434783,6.499846851521739,57.942739671304345
R822A,3.170748990110102,6.685213577228151,13.934313849267877,69.36079959293984
C821Q,3.4819499740769233,11.90916759346154,5.752198407307692,76.36612433115384
T821E,3.357314149,10.6314948,5.355715428,78.25739408
R821G,3.357314149,10.6314948,5.355715428000001,78.25739408
C821I,2.336448598,32.57676903,6.608811749,56.00801068
T821A,4.39751642951634,38.029658975098044,10.98857726817647,42.98612424091503
T821C,2.336448598,32.57676903,6.608811749,56.00801068
D821S,2.336448598,32.57676903,6.608811749,56.00801067999999
A821A,4.2116582944375,29.554763538437502,9.9311142471875,51.760794419374996
D821J,5.31358885,8.536585366,3.135888502,65.67944251
A822H,2.515169767792208,10.729777465506494,10.752031232636362,65.76777457064935
R821B,1.3493487037326968,53.822161524367544,17.760078415188545,20.07552400357995
C821G,3.3714231157142858,45.97257369285715,18.984302135785715,24.172260528571428
R821A,5.473453906938907,43.94463886967846,17.148597307942122,27.4733702733119
A831A,0.7976395084736843,66.84592990842106,11.22049419894737,20.477492575894736
T821G,2.375712657653846,31.73272002115385,6.560615736653846,56.86375619538462
C821B,4.367899970735294,37.19994593432353,10.863288010205883,43.88857488382353
C821J,3.7994126252285714,9.096355790057142,5.5209077260857145,72.00319886
D821H,5.31358885,8.536585366,3.135888502,65.67944251
M821K,5.31358885,8.536585366,3.135888502,65.67944251
M821U,0.0,44.40052701,24.37417655,19.63109354
C821F,6.597845601,43.85098743,15.66427289,29.084380609999997
C821A,3.136757415265306,10.80307091589796,7.049091662408163,72.54084071591836
M821G,6.597845601,43.85098743,15.66427289,29.08438061
M821E,3.223443223,9.377289377,6.373626374,74.72527473
M821S,3.223443223,9.377289377,6.373626374,74.72527473
M821F,3.223443223,9.377289377,6.373626374,74.72527473
D831I,3.223443223,9.377289377,6.373626374,74.72527473
M821T,3.223443223,9.377289377,6.373626374,74.72527473
D821A,3.223443223,9.377289377,6.373626374,74.72527473
C821K,2.8068077043809523,12.660159190993197,9.755633633551021,68.95564753163265
D821I,3.223443223,9.377289377,6.373626374,74.72527473
R830G,0.3451198509924812,68.98642352032581,18.972723598370926,11.052943535011279
T821F,6.597845601,43.85098743,15.664272890000001,29.08438061
M821D,3.223443223,9.377289377,6.373626374,74.72527473
D831G,3.223443223,9.377289377,6.373626374,74.72527473
M821L,3.223443223,9.377289377,6.373626374,74.72527473
M821J,3.223443223,9.377289377,6.373626374,74.72527473
M821C,3.223443223,9.377289377,6.373626374,74.72527473
D831F,3.223443223,9.377289377,6.373626374,74.72527473
M821M,3.223443223,9.377289377,6.373626374,74.72527473
M821H,3.223443223,9.377289377,6.373626374,74.72527473
M821V,3.223443223,9.377289377,6.373626374,74.72527473
D821K,3.223443223,9.377289377,6.3736263740000005,74.72527473
M821A,3.2234432229999994,9.377289377,6.373626374,74.72527473
M821B,3.223443223,9.377289377,6.373626374,74.72527473
M821N,3.223443223,9.377289377,6.373626374,74.72527473
M821P,3.223443223,9.377289377,6.373626374,74.72527473
M821R,3.223443223,9.377289377,6.373626374,74.72527473
M821O,3.223443223,9.377289377,6.373626374,74.72527473
D831J,3.223443223,9.377289377,6.373626374,74.72527473
M821Q,3.223443223,9.377289377,6.373626374,74.72527473
M821I,3.223443223,9.377289377,6.373626374,74.72527473
D821C,3.223443223,9.377289377,6.373626374,74.72527473
R832C,1.6383155031015089,24.421250345869684,23.70061340941838,47.118022065102885
R832G,2.762951334,13.005724434571428,10.111634397714287,68.34831835285713
C822K,13.39238237509434,6.722772163396226,9.78697760409434,60.871117767735846
D822U,12.82431431,6.152705708,10.15567087,61.00815419
C823K,0.10479739168421053,10.681549007052633,10.940681347368422,49.25234546736842
C822J,13.95705521,4.064417178,7.515337423,68.48159509
A822F,12.82431431,6.152705708,10.15567087,61.00815419
A822E,13.95705521,4.064417178,7.515337423,68.48159509
C822F,1.9911504419999997,0.663716814,10.7300885,85.50884956
C823G,0.0,19.325066346666667,22.585950063333332,46.77980013333333
A822D,13.95705521,4.064417178,7.515337423,68.48159509
C822R,13.95705521,4.064417178,7.515337423,68.48159509
C822T,13.95705521,4.064417178,7.515337423,68.48159509
C822Q,13.673869985,4.5864893105,8.17542078475,66.613234865
C822L,12.82431431,6.152705708,10.15567087,61.00815418999999
C822H,0.19293293800000003,26.333109958461538,28.506269033846156,41.711354641538456
M822B,21.34986226,19.00826446,7.162534435,48.62258952999999
C822P,13.653866229954547,3.9760488660909092,7.5487793938636365,68.58318478909091
M822C,13.95705521,4.064417178,7.515337423000001,68.48159509
M822A,13.95705521,4.064417178,7.515337423,68.48159509
C822O,7.799986692153846,2.2698606900000002,8.194466677461538,70.54464744076924
C822B,5.447269100551724,17.365045652068964,5.610670532241379,64.68097299103448
D822E,13.95705521,4.064417178,7.515337423,68.48159509
C822C,1.0619905762272728,37.078917397590914,19.54719635727273,35.00406422136364
C822D,1.2683318482115384,26.277290568692308,14.97175473701923,52.716141712500004
R822G,1.550615879510949,22.3686370820146,19.034114922408758,50.88534271518248
R822C,0.616740088,0.176211454,8.986784141,72.95154185
T822B,0.616740088,0.176211454,8.986784141,72.95154185
R822D,0.652369784249135,34.43476566222145,8.778095700695502,49.03541703685121
R822N,0.956521739,38.52173913,19.91304348,33.13043478
D822B,0.9565217389999999,38.52173913,19.91304348,33.13043478
C822E,0.9565217389999999,38.52173913,19.91304348,33.13043478
R822J,0.956521739,38.52173913,19.91304348,33.13043478
D822K,2.480916031,7.951653944,8.905852417,69.91094148
D822G,0.616740088,0.176211454,8.986784141,72.95154185
D822F,0.616740088,0.176211454,8.986784141,72.95154185
C822Y,0.9491499055200001,39.044261348,19.546319473239997,33.0141883836
C822W,0.6167505205714285,38.58832055942857,10.204142910571429,46.80319269571429
A822G,1.254064097,42.63817928,29.07570831,15.09521598
D822A,1.254064097,42.63817928,29.07570831,15.09521598
R822I,0.4816242385780934,21.726277414653143,16.46037662291278,56.88871851586207
D822L,2.480916031,7.951653944,8.905852417,69.91094148
D822H,2.480916031,7.951653944,8.905852417,69.91094148
D822J,2.480916031,7.951653944,8.905852417,69.91094148
D822D,2.480916031,7.951653944,8.905852417,69.91094148
D822I,5.31358885,8.536585366,3.135888502,65.67944251
D822C,2.480916031,7.951653944,8.905852417,69.91094148
T821D,3.223443223,9.377289377,6.373626374,74.72527473
C822I,2.576509755181818,8.854552254181819,11.052551046636365,68.55843582181818
R832B,4.6000604445081965,11.224063643045902,16.747912354734424,60.87531536060656
R822B,0.50547599,3.201347936,25.27379949,68.32350463
T822C,0.50547599,3.201347936,25.27379949,68.32350463
R832J,0.50547599,3.201347936,25.27379949,68.32350463
R822K,0.956521739,38.52173913,19.91304348,33.13043478
C823H,2.6882876436216216,39.50568584,22.69264711418919,28.276558417608108
R832E,1.89258567004875,30.772666595226873,8.41208311781,54.11045581295
C823B,0.18098436714457833,17.98623859313253,21.478399536385542,45.719866585542164
M823E,0.0,11.23809524,10.95238095,47.23809524
M823B,0.0,11.23809524,10.952380949999998,47.23809524
T823I,0.7992515370344827,49.480963836551716,15.730324209310346,26.926566619999996
R823H,1.0268594064494383,42.413467540674155,24.525231877865167,31.351935943595507
T823D,1.007751938,59.45736434,16.97674419,21.62790698
T823E,1.007751938,59.45736434,16.97674419,21.62790698
R823G,1.7298540373682008,34.218651186234304,26.140100198033473,36.939943372117156
R823B,1.3164299896251956,34.7328527156964,21.06077052670579,39.391531231707354
M823F,1.077996195,21.68674699,36.08116677,41.15409004
T823G,0.9586276489999999,42.83551968,18.56710394,36.02421796
R824G,7.9162170493246755,47.39575471857143,15.293514978571427,25.170400791272726
A823C,6.607142857,48.48214286,13.125,25.625
R823D,1.077996195,21.68674699,36.08116677,41.15409004
C823J,0.47162333531250006,24.155733579375,29.986877771875,44.401197991875
R823F,13.486140720000002,55.97014924999999,19.29637527,8.475479744
C823D,0.08967401160416666,36.3927996325,11.757011274166667,49.95871907625
T823F,13.48614072,55.97014925,19.29637527,8.475479744
T823J,6.607142857,48.48214286,13.125,25.625
T823K,13.48614072,55.970149250000006,19.29637527,8.475479744
D823A,0.0,23.3685519,28.40273462,46.55065258
A823F,0.0,23.3685519,28.40273462,46.55065258
C823I,1.254064097,42.63817928,29.07570831,15.09521598
T823A,0.0,25.13368984,12.70053476,60.42780749
T823B,0.0,25.13368984,12.70053476,60.42780749
C823C,0.0,46.37566545368421,8.290529130736841,43.95504099368421
R824J,0.5082417582307692,26.929724687692307,12.733185932307691,57.75066845230769
M823D,1.254064097,42.63817928,29.07570831,15.09521598
M823G,1.254064097,42.63817928,29.07570831,15.09521598
C833C,1.4807809534153844,35.72422478307693,28.660844915384615,27.06257272230769
C823E,0.0,47.73609314,0.0,49.93531695
M823C,6.004618938,23.78752887,42.72517321,19.630484989999996
M823I,1.115241636,36.35687732,29.51672862,25.57620818
C823F,1.115241636,36.35687732,29.516728620000002,25.576208180000002
R833H,0.4759442498523986,83.01012115040591,3.737043739483395,12.7768908600369
M823A,6.004618938,23.78752887,42.72517321,19.63048499
M823H,6.004618938,23.78752887,42.72517321,19.63048499
D824A,6.607142857000001,48.48214286,13.125,25.625
T824C,0.958627649,42.83551968,18.56710394,36.02421796
D823B,6.607142857,48.48214286,13.125,25.625
R825F,0.0,31.652132202934787,1.6765369133695653,59.96233035847826
R824H,6.607142857,48.48214286,13.125,25.625
R824D,0.0,33.20407174,1.793504605,58.84634028
C824C,0.0,46.33671408311111,2.0241507894222224,44.989175539777776
R825I,0.22890300253160917,48.140174209310345,0.19623756808908044,43.831580307701145
C824D,0.0,61.93181818,5.113636364,27.61363636
R824B,0.0,61.07544141,3.4510433389999995,28.812199040000003
R824A,2.712536972134199,58.725054444956704,23.176942620010824,13.402826585911257
T824A,0.0,61.93181818,5.113636364,27.61363636
T824B,0.0,61.07544141000001,3.451043339,28.81219904
R824C,0.7661041475510203,43.4140289944898,0.0,48.35129937653061
R825A,5.368289638,21.473158550000004,2.684144819,69.60049938
R816E,5.368289638,21.47315855,2.684144819,69.60049938
R825E,5.2976542480263165,21.627512670921053,2.6724258688157896,69.45899728657895
R825D,0.0,33.20407174,1.793504605,58.84634028
R825C,0.0,33.20407174,1.793504605,58.84634028
C825A,0.8280254776666666,10.685897514833334,16.771799144583333,70.57171849416666
R825G,0.0,49.31818182,0.0,42.95454545
R825H,9.786508274065492,20.202141714659952,0.0,69.87266650858942
R826A,0.0,7.092198582,22.16312057,70.65602837
R835B,7.445825396453453,14.160854165570571,6.264953476576577,67.13438554442943
R836B,3.5666986339607845,16.52432007350327,11.495002137385622,62.034958301503266
R826D,0.4958748526928105,10.21061290251634,3.4877537419607845,79.50352342594772
R826C,0.0,11.1969112,0.0,82.04633205
R826B,0.0,7.092198582,22.16312057,70.65602837
R826E,0.0,11.1969112,0.0,82.04633205
R838A,0.0,16.59836066,0.0,83.40163934
C829C,0.0,34.18874172,8.443708609,57.36754967
C829A,0.0,34.18874172,8.443708609,57.36754967
R829C,0.0,34.18874172,8.443708609,57.36754967
R829B,0.0,34.18874172,8.443708609,57.36754967
R830A,2.423018677,49.01564866,30.18677436,17.74356386
C830G,6.250701894500001,55.717929964999996,16.938493237499998,15.4212046255
R831A,0.0,71.73351982016393,15.452497798295083,12.813982379731149
T830C,2.423018677,49.01564866,30.18677436,17.74356386
R830C,21.301444919410255,39.932025183076924,0.7740198553846154,37.42077514051282
E830F,2.423018677,49.01564866,30.18677436,17.74356386
C830C,1.066436086,66.19140731333333,22.549638661333333,6.099709178633334
A830A,1.599654129,63.20795504,24.85948984,4.193687851
C830D,21.301444919410255,39.932025183076924,0.7740198553846154,37.42077514051282
C830B,1.5996541289999997,63.207955039999995,24.85948984,4.193687851
T739H,21.79824561,39.69298246,0.0,37.93859649
C840D,8.90356002457377,43.85005332491803,14.7619319,29.960615128655736
T830X,21.663594024714282,39.63956014871429,0.0982532751142857,37.993934069714285
C840B,1.3433859374285713,20.249995917460318,61.680965022507934,15.994756959142856
M830A,21.79824561,39.69298246,0.0,37.93859649
R840B,0.0,19.71078853220339,64.71622118589153,14.332423666464406
C841G,0.20097020092307694,23.502938905384614,62.18887794948718,12.31065795774359
T830B,6.597845601,43.85098743,15.664272890000001,29.08438061
M831A,6.597845601,43.85098743,15.664272890000001,29.08438061
C831F,2.1366532168625,39.86702199135,15.919033298950001,38.940846120062496
C831C,1.674560438940919,59.307594688512026,24.502688450175057,12.645882428146608
M831B,2.920723227,65.92489569,12.3783032,17.52433936
R831H,0.7903572547975113,48.81959565925,21.79516951957466,23.486139539115385
T831D,0.0,59.44444444,31.875,8.263888889
D831D,3.223443223,9.377289377,6.373626374,74.72527473
D831K,3.223443223,9.377289377,6.373626374,74.72527473
T831E,3.223443223,9.377289377,6.373626374,74.72527473
T831N,3.223443223,9.377289377,6.373626374,74.72527473
D831B,3.223443223,9.377289377,6.373626374,74.72527473
T831T,3.223443223,9.377289377,6.373626374,74.72527473
C831G,2.3229739104411764,23.190898405205882,12.728318141,54.8503813017647
C831A,0.0,72.92747994641024,24.942885994871794,2.056177223205128
R831B,2.9207232269999994,65.92489569,12.378303200000001,17.52433936
T831A,0.0,59.44444444,31.875,8.263888889
ADWTD,0.0,59.44444444,31.875,8.263888889
A831D,1.2710077033030305,32.98128869787879,42.39343914681819,20.779655503530304
T831B,3.223443223,9.377289377,6.373626374,74.72527473
R830J,0.0,73.47588717,25.61419472,0.909918107
A831B,1.3276014668181817,46.877880454545455,28.833983508181817,15.500395424999999
C831B,2.3365785816,62.388478852,12.714144158,21.55940759
C831D,0.09205983890909092,45.79035798,18.452740289999998,35.457707252727275
T831C,0.0,59.44444444,31.875,8.263888889
C831E,0.8605988909315069,40.43100228890411,25.867249177123288,28.469298558136988
D831L,1.411100659,52.21072437,17.02728128,18.15616181
D831E,1.411100659,52.21072437,17.02728128,18.15616181
R831C,1.7137505901911625,32.88016542618924,38.22151506347742,24.551589907418347
D831A,1.411100659,52.21072437,17.02728128,18.15616181
D831C,0.9900990100000001,32.42574257,23.14356436,38.86138614
C832D,0.4351491794333333,31.394798922666666,38.573078641166674,26.69946191216667
C832A,4.65942076128125,23.24891238703125,30.05851170734375,30.204887358171874
R831J,1.959459459,50.67567568,28.17567568,16.28378378
C831I,2.3413919416285713,38.76263736114286,36.24432234457143,22.651648353142857
R831G,0.9492129493088803,29.40199133976834,45.672221241467184,11.801292384030887
R831E,1.17838460552765,39.50171752808755,41.42617981831797,15.037086166751154
R831F,0.0,32.47580172745033,49.168970614437086,5.064723319225165
A831C,1.959459459,50.67567568,28.17567568,16.28378378
C831H,0.4484197973023256,25.82777023627907,57.04577036534884,13.109768224069768
R831I,0.0,27.557879010000004,48.24495892,9.036594473
C841F,0.0,22.64389627,61.41682479,13.15623023
C841D,0.0,35.7584437104,50.913345983199996,2.42563274636
D832A,0.0,34.77633478,32.53968254,30.08658009
T832A,0.0,34.77633478,32.53968254,30.08658009
D832B,0.0,34.77633478,32.53968254,30.08658009
R832H,0.0,34.77633478,32.53968254,30.08658009
A832A,0.7259986049333332,33.57286156266667,29.842183822666666,32.063750211333335
R832A,6.472196901,21.14858706,19.4165907,39.28896992
C832G,2.1130220320392157,12.623026597058821,5.940517359431373,70.23972929078431
C832E,6.472196901,21.14858706,19.4165907,39.28896992
R832I,6.472196901,21.14858706,19.4165907,39.28896992
C832H,2.075812274,12.81588448,5.9566787,69.94584838
R833C,0.14827177112772585,64.31331717588785,24.097956337507785,3.198221064239875
C832L,0.23222110524545456,27.214100281090907,44.349923671363634,25.99684265847273
R832D,0.0,76.8396760307309,8.276637250564782,10.852146720730897
C832I,0.4416258691578947,50.34922758052632,18.14907398473684,25.411513304210526
C832B,0.0,28.276414404615384,48.379962080000006,8.456282383769231
R832F,0.04434955024418605,50.10326913236434,29.047045895271317,12.470659736949614
C832K,0.030337760076923074,46.19236362461538,25.82802290076923,23.46109866076923
C832F,0.0,38.142636819718305,48.57249105098592,12.502277894394366
R842C,0.0,29.77263562354369,47.83792328097088,19.90903814007767
E823B,6.004618938,23.78752887,42.72517321,19.63048499
R833D,3.48267898404,47.3967667446,29.280600460000002,12.405681294379999
A833A,1.4711979849999999,60.861353352500004,23.419333869166667,10.027481839833333
C833B,0.0,80.0,10.71428571,2.428571429
T833C,1.115241636,36.35687732,29.51672862,25.57620818
M833A,1.115241636,36.35687732,29.51672862,25.57620818
C833G,1.115241636,36.35687732,29.51672862,25.57620818
C833A,0.32806872687878785,46.45930626121212,41.65775418606061,3.7732481876969697
R833A,1.660735469,68.56465006,26.09727165,3.677342823
R833G,1.245640259,75.08719482,19.03338316,2.9397110109999995
T833D,1.245640259,75.08719482,19.03338316,2.939711011
A833D,0.41521341966666664,82.54034797999999,6.344461053333333,10.135287297
R833I,1.245640259,75.08719481999998,19.03338316,2.939711011
R843A,0.2654627179701087,54.212926760679345,22.826290023586957,16.70100743635598
T833E,1.245640259,75.08719482,19.03338316,2.939711011
T833B,1.245640259,75.08719482,19.03338316,2.939711011
R843G,1.245640259,75.08719482,19.03338316,2.939711011
C833D,1.121899290551724,72.1436936437931,20.026559065172414,4.4090791513448275
R833B,0.043821209,54.99561788,14.59246275,24.40841367
T833F,2.077431539,60.90651558,16.52502361,13.78659112
R834E,0.0,61.07544141,3.451043339,28.81219904
R833E,2.077431539,60.90651558,16.52502361,13.78659112
C834A,2.077431539,60.90651557999999,16.52502361,13.78659112
R834F,2.502606882,30.03128259,0.0,60.58394161
R834V,2.077431539,60.90651558,16.52502361,13.78659112
T833A,2.077431539,60.906515580000004,16.52502361,13.78659112
D834V,0.0,61.07544141,3.451043339,28.81219904
R835C,3.292462556008032,24.173978880682732,3.2628876152610444,61.7196578615261
R834D,3.6353896245179484,78.94886383723077,6.427832642697437,9.990843608984616
R834A,0.14426607909722222,61.06371044958333,4.358958635597222,27.768754045555553
R834G,0.06416940723076922,60.27943733769231,3.36255504825641,29.626859105897438
R834C,3.9075630249999995,82.10084034,4.663865546,9.327731092
T834A,3.907563025,82.10084034,4.663865546,9.327731092
R834B,2.059018736348101,60.997335865253156,16.458152592778482,13.813038764373418
R864A,0.713848390699422,43.27241437294797,21.466257989581887,29.42104143849326
R846A,1.190814850577206,12.561785821139708,7.445138245411765,76.1156905377022
R835A,5.836065574,5.31147541,13.7704918,65.37704918
C855A,0.8201283851627906,20.028473409069765,9.24767757227907,67.31881367255815
R846C,5.836065574,5.31147541,13.7704918,65.37704918
R836A,5.836065574,5.31147541,13.7704918,65.37704918
R837D,0.06554345870068028,21.402045203333333,1.9105918227210887,76.1957870340136
R837A,0.0,23.58870968,0.0,76.41129032
R837C,0.507099391,38.31135903,14.78194726,43.10344828
R847A,0.4394861388666667,35.41629258066666,12.811020958666667,48.47654042133333
T840B,12.37263464,35.95342067,6.877729258,41.81222707
R840S,12.37263464,35.95342067,6.877729258,41.81222707
T840E,12.37263464,35.95342067,6.877729258,41.81222707
R840K,0.0,17.02786378,73.06501548,9.907120743
R840I,12.37263464,35.95342067,6.877729258,41.81222707
C840F,0.0,22.82671725846154,0.9779951101538462,69.16921954538462
C840E,2.3113689440625,56.2202212459375,8.6957801734375,21.3911251465625
A840F,0.0,70.51993942,8.480565371,4.745078243
R840G,2.3293058787843135,68.11793738539217,15.565993394450981,10.926811735549022
A840B,1.79028133,72.15683118666668,11.408838643666668,7.435628525000001
R840L,0.0,26.89486553,3.178484108,62.10268949
T840A,0.0,70.51993942,8.480565371,4.745078243
R840E,0.0,22.460885146336633,60.729466008435644,13.344717489168318
R840D,0.0,70.13854832377623,8.89520660337063,4.813323985426574
R840F,1.1147540986545454,40.861900811999995,40.06522477054546,15.976126694727274
R840C,10.56625803,36.31056626,13.25160537,39.87157034
D840A,0.0,15.981012660000001,67.7742616,14.50421941
R860A,4.938149141322607,33.54774726506838,17.66987606957281,42.47964186659694
R850B,10.56625803,36.31056626,13.25160537,39.87157034
R840N,10.56625803,36.31056626,13.25160537,39.87157034
R840O,10.56625803,36.31056626,13.25160537,39.87157034
C842A,0.06549809743902439,31.770622844634147,34.53404317873171,25.40188230009756
C841B,1.1189258312500001,49.2219321325,36.4666594275,9.6256591475
C841A,0.0,30.72143597,55.36762168,10.52813255
C841H,1.1345336425952381,52.43159916023809,29.02556313666667,12.198078928214287
C841E,2.685421995,72.97527707,12.87297528,8.780903666
R841I,0.0,30.72143597,55.36762168,10.52813255
C841C,0.0,30.721435970000005,55.36762168,10.52813255
R841C,2.685421995,72.97527707,12.87297528,8.780903666
R841D,0.4449132743493976,41.93005322769076,41.33110679638554,12.01452607540964
D841A,0.0,30.721435970000005,55.36762167999999,10.52813255
A841A,0.0,37.55391225636364,46.24323938818182,9.195882107272727
R842A,0.0,37.53404674970213,37.187600228468085,21.01192600110638
R841B,2.685421995,72.97527707,12.87297528,8.780903666
R841E,2.6854219950000005,72.97527707,12.87297528,8.780903666
R841F,0.0,41.45818442,41.02930665,8.43459614
T841A,0.0,41.45818442,41.02930665,8.43459614
R841J,0.0,30.72143597,55.36762168,10.52813255
C840H,0.25045537347222224,42.75595291333334,28.838015437,26.164971487499997
R841A,1.803278689,56.2295082,22.95081967,16.8852459
R841H,0.0,37.52923284501672,43.565998409872904,15.079867676220735
T841B,1.803278689,56.229508200000005,22.95081967,16.8852459
T841C,1.803278689,56.2295082,22.950819670000005,16.8852459
R851C,0.0,54.617915334375006,11.680337003750001,30.823840686249998
R841G,0.0,49.94011976,14.25149701,35.80838323
R851F,0.13070728991354466,54.28964090423631,12.319027675635448,27.181920473429393
R842E,0.0,69.55752212,2.477876106,13.45132743
R842B,0.0,43.16877153,22.96211251,29.04707233
R842D,0.0,37.01868666796143,33.985188229008266,21.43641864803857
C842D,0.0,38.46128343294118,43.08367770352942,16.577891362588236
R852E,0.0,25.75253725531183,28.436979080094623,37.05505632179785
R842T,0.0,1.08401084,28.184281840000004,48.23848238
R852T,0.0,1.08401084,28.18428184,48.23848238
C842B,0.0,55.20968439,36.92174665,7.868568958000001
R843D,0.043821209,54.99561788,14.59246275,24.40841367
C833F,0.10105068757142857,55.952359639047614,14.80393515047619,23.386094495761906
R843C,0.0,26.385041549999997,51.10803324,21.32963989
T843A,0.0,26.38504155,51.10803324,21.32963989
C842C,0.0,35.67774153916667,42.12026827333333,21.515240416833333
R843B,0.0,26.38504155,51.10803324,21.32963989
R861A,0.013630124486166009,14.921185502075097,11.490733554322794,73.06343556673913
C846A,1.9453551913333333,11.384098756666667,8.472582125333334,74.37138466666667
T846A,0.0,14.420410430000002,5.823627288,78.86855241
T846B,0.0,14.42041043,5.823627288,78.86855241
R846B,0.0,14.42041043,5.823627287999999,78.86855241
R848B,0.507099391,38.31135903,14.78194726,43.10344828
R850C,10.56625803,36.31056626,13.25160537,39.87157034
T850A,10.56625803,36.31056626,13.25160537,39.87157034
R850D,10.569105690000002,26.59698026,2.113821138,57.97909408
R850J,2.317198764,38.46549949,12.35839341,44.6961895
R850F,10.56910569,26.59698026,2.113821138,57.97909408
R850H,10.56910569,26.59698026,2.113821138,57.97909408
T749D,10.56625803,36.31056626,13.25160537,39.87157034
R850G,10.56910569,26.59698026,2.113821138,57.97909408
R850I,7.562061438311419,34.952360237456745,3.5073080148892735,51.7715514916436
C851A,2.5766913588,46.242076422000004,7.695726297599999,43.052962158
R851D,0.0,57.39027512855172,17.777084433448273,21.001654336206897
R851E,0.0,58.26446281,22.83057851,15.08264463
R851P,0.5266232754716982,69.36155301811321,9.09958124109434,11.067075505471697
R851B,0.0,67.14556470292362,13.839969930464202,18.831213838090694
T851A,0.69777584,69.29786306,11.251635409999999,10.29219363
R851A,0.0,52.14477212,4.289544236,43.56568365
C860A,2.003934965,43.58638756583334,5.709528686166666,47.62070223791667
R852A,0.69777584,69.29786306,11.25163541,10.29219363
R852F,0.0,62.63676149,23.14004376,14.22319475
R852D,0.0,61.68979609538461,23.217647422769232,14.746506867384616
R852B,0.29841051880851066,69.44647643689362,6.230058276434042,12.100293613404254
T852A,0.3349324032,69.4328857712,6.6892805719199995,11.934943206
R852C,0.0,0.0,42.41948154,57.58051846
R861F,0.0,22.59887006,0.0,77.40112994
R861B,0.0,0.0,42.41948154,57.58051846
C853A,0.0,18.764565076666667,23.70315300733333,50.03454026933333
R853A,0.0,0.0,6.25285553890411,93.7471444630822
R861H,0.043821209,54.99561788,14.59246275,24.40841367
R860C,10.56910569,26.59698026,2.113821138,57.97909408
R860B,3.2354703419999997,46.97423607,5.512282804,42.84002397
T769F,2.912621359,13.03744799,2.357836338,75.17337032
R860D,10.56910569,26.59698026,2.113821138,57.97909408
T860A,3.235470342,46.97423607,5.512282804,42.84002397
R860E,10.56910569,26.59698026,2.113821138,57.979094079999996
T860B,10.56910569,26.59698026,2.113821138,57.97909408
R769I,2.912621359,13.03744799,2.357836338,75.17337032
T860L,2.912621359,13.03744799,2.357836338,75.17337032
R860G,0.0,0.0,7.530647986,92.46935201
T769I,2.912621359,13.03744799,2.357836338,75.17337032
T860C,0.0,0.0,7.530647986,92.46935201
R860S,2.9126213589999996,13.03744799,2.357836338,75.17337032
T860R,2.912621359,13.03744799,2.357836338,75.17337032
R860R,2.912621359,13.03744799,2.357836338,75.17337032
R860F,0.0,8.785238488797955,4.603132656404092,86.61162885235294
C860C,0.5825242718,7.12726361,4.9899560592,85.996511258
R863A,0.0,0.0,6.003430532,93.99656947
R860O,2.912621359,13.03744799,2.357836338,75.17337032
R880A,0.6241331483571428,2.793738855,6.422188347142857,88.76307021928571
R861C,0.0,0.0,7.530647986000001,92.46935201000001
R920A,0.0,34.18874172,8.443708609,57.36754967
R930A,3.4321372850000005,9.984399376,0.0,86.58346334
R940A,3.432137285,9.984399376,0.0,86.58346334
