"name_2","gid","N_COUNT","N_MED_ADJ_SALES_PRICE","N_MED_ADJ_SALES_RATIO","N_PERCENT_ASIAN","N_PERCENT_BLACK","N_PERCENT_HISPANIC","N_PERCENT_WHITE","N_DISPLAY_MED_SALES_RATIO"
"40 & PAGE TOWNHOMES",NA,20,428500,0.67754293378708,16.47244094,26.77165354,10.67716535,43.46456693,0.67754293378708
"55 AT THE PARK",389,143,408462.5,0.790955138328362,3.536754508,56.65742025,10.61026352,28.43273232,0.789132720105125
"70 RES WAKE LINE",NA,52,404637.803490137,0.653094033615868,5.23220926584615,13.7683342343077,4.14589135678846,73.4626797369231,0.662752222222222
"751 SOUTH",NA,82,738231.25,0.562666160729953,20.94517958,7.069943289,1.890359168,65.86011342,0.57436219832736
"751 SOUTH FUTURE USE",NA,16,845129.518072289,0.450496517013434,20.94517958,7.069943289,1.890359168,65.86011342,0.469560513368984
"751 SOUTH TWNHMS",NA,24,484568.75,0.803565545114472,20.94517958,7.069943289,1.890359168,65.86011342,0.823654683742334
"751 SOUTH TWNHMS PH 01A",283,32,434102.409638554,0.597454224530284,20.94517958,7.069943289,1.890359168,65.86011342,0.616939001493493
"751 SOUTH TWNHMS PH 01A",NA,60,448615.947858201,0.623639063923702,20.94517958,7.069943289,1.890359168,65.86011342,0.616939001493493
"85 NORTH, COUNTY LINE",NA,19,267525,0.535296413199426,0.429393733736842,48.0425361236842,20.5585230363158,25.9325529395263,0.547300498084291
"98/N. CO. LINE/85/SHARRON",NA,83,296385.542168675,0.606429268292683,0.0178698084096386,14.656378926747,9.12575379291566,75.8383382130723,0.668030508474576
"ABERDEEN AND GLENN",NA,30,247924.931897545,0.623599624838619,0,26.38504155,51.10803324,21.32963989,0.679107307692308
"ADUBON PARK",247,61,497125,0.555578576816696,0.72815534,17.31391586,3.478964401,71.60194175,0.589085255767302
"ALBEN ST.",465,13,484096.385542169,0.540908411214953,21.55207077,39.20386007,9.288299156,28.58866104,0.574049504950495
"ALEXANDER CROSSING",418,5,492000,0.533192307692308,10.24868124,31.98944989,1.620195931,50.03767898,0.568716313275522
"ALEXANDER CROSSING",NA,15,497723.823975721,0.547604890243902,10.24868124,31.98944989,1.620195931,50.03767898,0.568716313275522
"ALEXANDER PL TOWNHOMES",NA,112,404618.75,0.753832823873069,1.152073733,68.8172043,0,23.88632873,0.774765316205534
"ALSON AND NIXON",438,25,220375,0.543071980963712,1.599654129,63.20795504,24.85948984,4.193687851,0.594395604395604
"ALSON AND NIXON",NA,106,259438.543247344,0.555478952924934,1.01931383167925,66.1133404971698,21.8051637566038,4.86685504182075,0.594395604395604
"ALSTON AVE SOUTH",NA,8,304855.842185129,0.580579066442389,2.652197643375,16.62580554125,32.66956652,39.317581785,0.611723981143552
"ALTDORF/BAHAMA WOODS",NA,7,369000,0.59769376693767,0.434656620857143,35.20950212,12.6702405085714,48.8603327171429,0.63516
"AMBER LYNN",235,21,261305.007587253,0.475525164046057,0,70.51993942,8.480565371,4.745078243,0.530764444444444
"AMERICAN VILLAGE",237,79,521987.860394537,0.595614219334164,6.52599672672152,16.4781117302278,7.83143391131646,66.6065147237975,0.637864788732394
"AMERICAN VILLAGE",NA,10,431832.321699545,0.568419977178481,10.2212680623,31.936294506,6.604683585,47.808576168,0.637864788732394
"ANDERSON ST",238,12,753313.253012048,0.661483454270377,0,26.24179944,28.39737582,28.49109653,0.672675324675325
"ANDERSON ST 2",238,24,513277.693474962,0.555437076306364,0,26.24179944,28.39737582,28.49109653,0.584886502801231
"ANDREWS CHAPEL",NA,153,490880.121396055,0.646393081202067,11.81364393,21.21464226,4.076539101,61.64725458,0.750015151515152
"ANDREWS CHAPEL TOWNS",NA,20,463505.31107739,0.643279538859192,11.81364393,21.21464226,4.076539101,61.64725458,0.7261
"ARBORS",269,68,603468.75,0.633031122347809,2.031694433,4.794798862,14.38439659,78.78911012,0.721586363636364
"ARBORS",NA,387,494050,0.700132537146061,2.56434792313954,9.77872624172093,7.1125229492558,76.6028488455814,0.721586363636364
"ARCHDALE AND ROXBORO",402,5,260000,0.466658076392085,0.7236842104,39.796992478,21.0751879684,30.3900375934,0.628062365591398
"ARCHDALE AND ROXBORO",NA,60,273009.762875478,0.578503947368421,0,65.479721934,5.35168305155,26.86502358755,0.628062365591398
"ARCHERWOODS",239,16,412121.009036145,0.594987208318076,0,11.06785631725,0.8779631255,86.890879415,0.605776621808144
"ARGONNE HILLS",NA,23,391957.51138088,0.548757973733584,0.574534161478261,27.1639901026087,12.7374447808696,57.401476403913,0.574112977099237
"ASHFIELD PLACE",NA,53,498915.662650602,0.569514146341463,2.12705815845283,16.433276545,1.23272762686793,71.8247786496226,0.605827722772277
"ASHLEY FIRST",242,37,394446.130500759,0.567443771639609,4.281891169,21.67707404,2.943800178,61.46297948,0.635893150684931
"ASHTON HALL",243,56,480019.632018209,0.594847990731244,10.56625803,36.31056626,13.25160537,39.87157034,0.632328395061728
"ASHTON HALL",NA,31,497723.823975721,0.604902234494043,10.56625803,36.31056626,13.25160537,39.87157034,0.632328395061728
"ATWATER TOWNHOMES",NA,76,365156.25,0.803741911188306,17.2094613219737,37.8724063253947,3.34836819139473,39.824442956579,0.817850980529855
"AUBURN",244,43,452537.5,0.558378590078329,1.861832435,31.50416463,5.634492896,55.41401274,0.584133333333333
"AUBURN SQUARE TOWNHOMES",245,40,332981.927710843,0.533814390243903,1.861832435,31.50416463,5.634492896,55.41401274,0.556117969821673
"AUBURN SQUARE TOWNHOMES",246,25,374125,0.544084656084656,1.861832435,31.50416463,5.634492896,55.41401274,0.556117969821673
"AUTUM LEAF",267,48,389120.481927711,0.579708110972335,0.421572903333333,69.40064477125,7.77868901883333,11.5426840925,0.597723089983022
"AUTUM LEAF",NA,36,420577.259036145,0.547390942278186,0,69.55752212,2.477876106,13.45132743,0.597723089983022
"AUTUMN RIDGE",248,15,533493.975903614,0.61047994731344,0,56.41025641,6.666666667,34.65201465,0.614982275132275
"AUTUMN RIDGE",330,15,491502.276176024,0.556781544715447,1.085141903,9.18196995,0.667779633,76.79465776,0.614982275132275
"BAHAMA RUAL",NA,69,382625.189681335,0.561415321195466,0.944546997565218,25.784431183913,5.78424023217391,66.1969853104348,0.596393495934959
"BAHAMA SOUTH",NA,9,306100.151745068,0.581794603222106,4.65185086666667,12.6447828811111,13.99525968,60.4273600911111,0.60384
"BAKERS MILL",NA,17,441729.893778452,0.633530942132951,7.371167645,11.2198304,6.196999348,74.36399217,0.662039024390244
"BARBEE MDWS",461,7,425000,0.547009411764706,6.157965194,26.17135207,2.008032129,63.58768407,0.562048192771084
"BARKLEY STREET TWNHMS",434,5,637708.649468892,0.594531924119241,0.616740088,0.176211454,8.986784141,72.95154185,0.663094717668488
"BARWICK DR",NA,27,327253.414264036,0.522747181964573,0,0,42.41948154,57.58051846,0.522747181964573
"BAY CREEK",NA,50,164000,0.678506738544474,1.254064097,42.63817928,29.07570831,15.09521598,0.678506738544474
"BAY POINTE",NA,13,385735.963581184,0.516918073796123,21.55207077,39.20386007,9.288299156,28.58866104,0.521564803804994
"BELCREST",252,13,480000,0.53881915956509,21.55207077,39.20386007,9.288299156,28.58866104,0.555063157894737
"BELGREEN",NA,31,394446.130500759,0.760888757506116,2.32172471,64.59369818,7.711442786,11.35986733,0.946781155015198
"BENNINGTON",NA,24,458875,0.530289522142306,11.81364393,21.21464226,4.076539101,61.64725458,0.56645
"BENT CREEK",253,13,605000,0.525703703703704,5.809698079,22.64409881,0,70.3568161,0.59930297029703
"BENTWOOD",NA,10,71547.7996965099,0.397605339419582,0,30.72143597,55.36762168,10.52813255,0.494744124922696
"BIG TWIG LN",NA,7,334915.662650602,0.537095470383275,2.685421995,72.97527707,12.87297528,8.780903666,0.562743333333333
"BIRCHWOOD HEIGHTS",NA,32,219082.473444613,0.480190442937392,2.685421995,72.97527707,12.87297528,8.780903666,0.499889128935877
"BLACK HORSE RUN",NA,31,525000,0.613172380952381,0,16.59836066,0,83.40163934,0.655911304347826
"BLENHEIM WOODS",NA,14,818133.535660091,0.618469401870487,0.61462815,2.274124155,0,87.95328826,0.659063974358974
"BLUECREST",NA,5,215250,0.536682926829268,32.19178082,15.75342466,20.4109589,20.89041096,0.5501
"BRADBUBY GLEN",256,12,452660.375569044,0.572192807880427,10.24868124,31.98944989,1.620195931,50.03767898,0.63032178392181
"BRADBUBY TRACE",257,49,414939.759036145,0.54419917728431,10.24868124,31.98944989,1.620195931,50.03767898,0.589301298701299
"BRANDON RIDGE",259,44,194237.5,0.596395,2.011680727,66.32057106,3.958468527,26.47631408,0.662648756756757
"BRIAR CREEK",NA,10,372628.361701739,0.596026321646342,3.432137285,9.984399376,0,86.58346334,0.633171116207951
"BRIER VILLAGE",NA,40,423652.259036145,0.583449863414287,0,44.66279589,6.208128629,39.88387673,0.614732227488152
"BRIGHT LEAF AT PARK P1",261,28,598667.921686747,0.607070095440085,10.56910569,26.59698026,2.113821138,57.97909408,0.625310893473027
"BRIGHT LEAF AT PARK P1",NA,10,673152.503793627,0.56047766130215,10.56910569,26.59698026,2.113821138,57.97909408,0.625310893473027
"BRIGHT LEAF AT PARK P1B&2",NA,50,565503.698786039,0.593942890961263,10.56910569,26.59698026,2.113821138,57.97909408,0.617049444444444
"BRIGHT LEAF AT PARK P2",261,39,569271.623672231,0.537651056910569,10.56910569,26.59698026,2.113821138,57.97909408,0.586542608695652
"BRIGHT LEAF AT PARK P3",261,14,632109.256449165,0.62083955119925,10.56910569,26.59698026,2.113821138,57.97909408,0.691163440380613
"BRIGHT LEAF AT PARK TOWNS",261,33,375150,0.574201674554059,10.56910569,26.59698026,2.113821138,57.97909408,0.600433766233766
"BRIGHT LEAF AT PARK TOWNS",NA,26,401289.833080425,0.51992391516182,10.56910569,26.59698026,2.113821138,57.97909408,0.600433766233766
"BRIGHT LEAF AT THE PARK",261,26,628577.389984826,0.577508437099249,10.56910569,26.59698026,2.113821138,57.97909408,0.623398075053471
"BRIGHTLEAF AT THE PARK",261,24,460822.268588771,0.556347376777054,10.56910569,26.59698026,2.113821138,57.97909408,0.595111996792745
"BRIGHTON RD.",342,12,532253.414264036,0.593407662617777,0,27.13833157,1.16156283,70.64413939,0.706361759540696
"BRIGHTON STATION",NA,42,453818.75,0.881587302689028,0,21.01865136,0,72.30989957,0.974970733863837
"BRIGHTWOOD TRIALS",262,37,465371.775417299,0.604869780901199,10.56910569,26.59698026,2.113821138,57.97909408,0.610326978639338
"BRIGHTWOOD TRIALS",373,18,482568.75,0.560141603969091,5.680015458,40.1818174666667,4.37946224866667,47.8863806733333,0.610326978639338
"BRIGHTWOOD TRIALS",397,11,584250,0.559642682926829,3.235470342,46.97423607,5.512282804,42.84002397,0.610326978639338
"BRIGHTWOOD TRIALS",NA,42,515061.703566923,0.552638967161636,6.37845691971428,38.2411264371429,4.05579923285714,49.3281968742857,0.610326978639338
"BROAD ACRES",447,11,323520.485584219,0.442826704545455,1.991150442,0.663716814,10.7300885,85.50884956,0.527644351464435
"BROAD ACRES",NA,13,247617.602427921,0.515407271053843,1.254064097,42.63817928,29.07570831,15.09521598,0.527644351464435
"BULL CITY CONDONS",380,23,426400,0.95854883151342,12.82431431,6.152705708,10.15567087,61.00815419,0.982512552301255
"CABESMILL",316,9,370000,0.545414670333647,8.769230769,16,3.846153846,69.84615385,0.570889189189189
"CAITHERS POINTE/LINDENOAK",338,26,1181047.04097117,0.584077228043486,2.43252534419231,0.460223537038461,3.02106656973077,88.1094206261538,0.61388024600939
"CAMBREY CROSSING BY ASHTON WOODS",NA,55,410000,0.609434034809662,0,38.58490566,24.62264151,32.83018868,0.602164414414414
"CAMDEN & AVONDALE",303,28,369256.25,0.658576400940907,6.472196901,21.14858706,19.4165907,39.28896992,0.769896695652174
"CAMERON WOODS",266,13,6e+05,0.586108575924469,14.40329218,1.783264746,3.223593964,76.54320988,0.600761290322581
"CANDLEWICK",345,11,357116.84370258,0.533572972972973,6.607142857,48.48214286,13.125,25.625,0.564803176064442
"CANDLEWICK",NA,75,328000,0.527892883981543,7.67043354477333,46.4082944712,15.1795170456,26.64039447592,0.564803176064442
"CANTERBURY",281,6,784637.5,0.623186886804472,14.40329218,1.783264746,3.223593964,76.54320988,0.645478092783505
"CANTERBURY",NA,13,379250,0.625205298013245,8.84329061569231,13.9001224715385,2.89162525938462,72.2707726492308,0.645478092783505
"CARDINAL LK TOWNHOMES",267,6,270750,0.591670127494457,0.116295973333333,69.51424561,3.94016932333333,12.92480513,0.607431226765799
"CARILLAN FOREST",268,27,690000,0.56763672417212,10.9975326,12.19598167,0,70.46175538,0.626925
"CARLTON CROSSING",338,80,1085072.93247344,0.563515848219872,0.9767720828375,8.2317187304375,2.6604084012875,85.97813037275,0.61345641025641
"CARLTON CROSSING",423,10,1112168.6746988,0.526783660223495,0,27.13833157,1.16156283,70.64413939,0.61345641025641
"CARPENTER WOODS",NA,18,405644.916540212,0.501691610834277,0,62.63676149,23.14004376,14.22319475,0.582159679498987
"CARRIAGE HILL",416,5,690591.805766313,0.556337644817073,5.809698079,22.64409881,0,70.3568161,0.69225625
"CATHY RD",NA,7,287512.5,0.53019955654102,0,41.45818442,41.02930665,8.43459614,0.544648117839607
"CEDARS COTTAGES",NA,12,1096547.79969651,0.715284824119241,0.61462815,2.274124155,0,87.95328826,0.763093333333333
"CEDARS VERANDA-A",NA,23,584825.493171472,0.731027648298705,0.61462815,2.274124155,0,87.95328826,0.755499241274659
"CEDARS VERANDA-B",NA,5,450000,0.668322824581958,0.61462815,2.274124155,0,87.95328826,0.661635555555556
"CEDARS VILLA A",NA,39,497125,0.746246919788786,0.61462815,2.274124155,0,87.95328826,0.800840425531915
"CEDARS VILLA D",NA,41,471500,0.754683202671313,0.61462815,2.274124155,0,87.95328826,0.801389743589744
"CEDARWOOD VILLAS",275,9,230000,0.345562946538556,0,56.99588477,4.218106996,38.78600823,0.35420202020202
"CHADS FORD",NA,7,497723.823975721,0.54669,0,79.76625274,6.939371804,13.29437546,0.576528155339806
"CHADSFORD",NA,7,311077.389984826,0.609423704268293,0,79.76625274,6.939371804,13.29437546,0.713572440586396
"CHAMBERLYNNE",NA,25,670000,0.550910236220472,1.405975395,7.029876977,6.590509666,79.61335677,0.579957100591716
"CHAMPIONS POINTE",432,12,537968.992814962,0.536199879275654,5.836065574,5.31147541,13.7704918,65.37704918,0.562781752473717
"CHANCELLOR'S RIDGE TOWNHO",271,69,560000,0.561185642444053,20.94517958,7.069943289,1.890359168,65.86011342,0.5842
"CHANCELLORS RIDGE TWNHMS",NA,17,341325,0.532900487804878,20.94517958,7.069943289,1.890359168,65.86011342,0.570760869565217
"CHAPEL HILL RD",238,5,294175,0.78698606271777,0,26.24179944,28.39737582,28.49109653,0.718632352941176
"CHAPEL HILL RD",352,12,538125,0.599073749796068,7.051282051,11.05769231,0.608974359,68.46153846,0.718632352941176
"CHAPEL HILL RD",359,16,484982.393915571,0.683815193750278,7.051282051,11.05769231,0.608974359,68.46153846,0.718632352941176
"CHAPEL HILL RD",437,79,436752.655538695,0.652975925925926,7.051282051,11.05769231,0.608974359,68.46153846,0.718632352941176
"CHAPEL RUN",307,6,568066.198786039,0.665720603803933,7.371167645,11.2198304,6.196999348,74.36399217,0.73772358490566
"CHAPEL RUN",NA,10,612822.458270106,0.625821597055324,7.371167645,11.2198304,6.196999348,74.36399217,0.73772358490566
"CHAPEL RUN TOWNHOMES",NA,13,417687.5,0.601468094512195,7.371167645,11.2198304,6.196999348,74.36399217,0.630142105263158
"CHARLES SQUARE TOWNHOMES",402,16,216174.698795181,0.300203319139644,1.809210526,12.17105263,3.536184211,67.26973684,0.35213506006006
"CHATFIELD COURT",NA,10,211267.319277108,0.478540868530637,13.48614072,55.97014925,19.29637527,8.475479744,0.491842790697674
"CHEEK AND CATALPA",467,16,377891.56626506,0.543729826791108,0,36.1671452775,41.190211418125,18.63016870375,0.546333676474174
"CHEEK AND ROBINHOOD",NA,44,231906.25,0.481335675813008,0.876456876545455,29.2606422663636,45.8694186036364,11.5893814924545,0.527009827124923
"CHOWNINGS PLACE TOWNHOMES",NA,7,370481.927710843,0.593030243902439,6.588579795,46.41288433,0,46.99853587,0.653112676056338
"CLAYTON CROSSING",NA,36,295891.56626506,0.577075140712946,0,37.7058182908333,43.7804104120556,14.3640779088889,0.595006326530612
"CLEVELAND HOLLOWAY",234,14,321625,0.693273582875396,0,48.2428115,14.05750799,37.69968051,0.671001602081337
"CLEVELAND HOLLOWAY",274,66,554096.385542169,0.590813720641804,0.955829996469697,50.8163416474545,21.5029168164242,20.7361910417424,0.671001602081337
"CLEVELAND HOLLOWAY",329,20,260274.329487906,0.639774913726263,0,48.2428115,14.05750799,37.69968051,0.671001602081337
"CLEVELAND HOLLOWAY",NA,50,333433.734939759,0.691724190938511,1.23512390334,42.7685373782,30.5218249514,17.402446419,0.671001602081337
"CLUB & DEARBORN",468,63,235000,0.615740625,0.0454609897936508,50.232977812381,26.1386543907937,15.8983140734444,0.615778911564626
"CLUB AND WASHINGTON",372,10,396902.124430956,0.683317050890356,0.956521739,38.52173913,19.91304348,33.13043478,0.685678740310077
"CLUSTER TOWNHOMES",404,15,330364.188163885,0.549998185365854,21.79824561,39.69298246,0,37.93859649,0.581456140350877
"COACHMANS WAY",NA,28,301291.28414264,0.494887246852764,14.19753086,20.37037037,0.396825397,53.92416226,0.503720238095238
"COLEMILL N OF 85",276,7,553500,0.569733391678623,0.465838509428571,8.42411753642857,6.31281389857143,80.6194752385714,0.630926864590876
"COLEMILL N OF 85",NA,42,684250,0.636405905106707,0,6.9753734177619,3.63721652390476,84.9429253366667,0.630926864590876
"COLONY HILL",280,43,3e+05,0.543146439962477,14.40329218,1.783264746,3.223593964,76.54320988,0.602905660377358
"COLONY HILL CONDOS",428,8,490425.451807229,0.586231255131897,14.40329218,1.783264746,3.223593964,76.54320988,0.600887036510194
"COLONY PARK",281,16,572013.657056146,0.620791906253336,14.40329218,1.783264746,3.223593964,76.54320988,0.669255172413793
"COLONY WOODS",282,18,554248.103186646,0.440104820752375,0,20.25316456,4.068716094,70.70524412,0.516979122621565
"COLVARD FARMS",283,6,1926506.02409639,0.631292136239326,20.94517958,7.069943289,1.890359168,65.86011342,0.71826125
"COPLEY FARMS",NA,42,412543.975903614,0.545641141912271,0.531638735238095,69.3596866457143,9.16264509952381,11.0443683442857,0.559355953174074
"COPLEY FARMS TWNHMS",NA,45,346000,0.738875856026522,0.69777584,69.29786306,11.25163541,10.29219363,0.899871794871795
"COPPER CREEK",284,32,424220.125189681,0.527102697767601,1.861832435,31.50416463,5.634492896,55.41401274,0.576265855614973
"CORNERS @ BRIER CRK TNHMS",NA,9,503275,0.822323779245939,2.031694433,4.794798862,14.38439659,78.78911012,0.842881873727088
"COUNTRY CLUB",285,22,539699.829286798,0.580638041196562,0,24.72783826,17.41835148,55.98755832,0.61536
"COUNTRY CLUB",458,49,465000,0.566523163828808,0.531498074938775,16.6088856538776,9.04753700238776,66.320908577551,0.61536
"COUNTRY KNOLL",NA,7,330000,0.56846460777851,0,23.58870968,0,76.41129032,0.679649230769231
"COUNTY LINE N. DUR/CH&11B",NA,64,525242.507587253,0.592652646026907,11.242399628625,10.881703188625,0.49052028215625,71.9512176184375,0.630376315789474
"COURTNEY CREEK TOWNHOMES",NA,34,475600,0.889513908722225,2.423018677,49.01564866,30.18677436,17.74356386,0.904478784129573
"COURTYARDS AT SOUTHPOINT",NA,59,752807.283763278,0.780123918926184,9.922113105,19.77649848,1.896376566,62.71588215,0.965953138075314
"CREEKSIDE",NA,18,306882.530120482,0.542081755208174,9.67931006,31.5896142333333,2.25510925816667,50.6056397433333,0.580677304964539
"CREEKSIDE AT BETHPAGE",NA,33,440485.584218513,0.704609132587567,10.24868124,31.98944989,1.620195931,50.03767898,0.768226666666667
"CREEKSIDE COMMONS",NA,31,450000,0.579850800689825,7.371167645,11.2198304,6.196999348,74.36399217,0.591920430107527
"CRESSET OVERLOOK",NA,35,8e+05,0.629789691056911,14.19753086,20.37037037,0.396825397,53.92416226,0.672477697185174
"CREST ST",287,10,295138.253012048,0.475557353318734,0,63.12456017,23.78606615,8.092892329,0.54772243313201
"CROASDAILE",288,32,808801.213960546,0.688488528892288,1.630434783,12.36413043,13.31521739,69.70108696,0.661389795918367
"CROASDAILE",289,24,1295000,0.595775774025433,8.769230769,16,3.846153846,69.84615385,0.661389795918367
"CROASDAILE",NA,33,821244.309559939,0.552273519163763,8.769230769,16,3.846153846,69.84615385,0.661389795918367
"CROASDAILE FARM SEC. 1",289,14,932782.419511125,0.606888194000561,3.13186813178571,22.1381578921429,2.71291208764286,71.4676113357143,0.67449936134154
"CROSS TIMBERS",292,22,359799.886191199,0.517866535375893,5.501330967,8.42945874,7.808340728,77.01863354,0.589348629385965
"CROWN POINTE",293,9,251000,0.529382470119522,0.043821209,54.99561788,14.59246275,24.40841367,0.60900487804878
"CRYSTAL LAKE TWNHMS",NA,23,746585.735963581,0.739170892699026,8.769230769,16,3.846153846,69.84615385,0.818460960960961
"CRYSTAL MEADOWS",405,29,342185.128983308,0.595069620253165,1.01625384362069,32.6257673468966,27.0221687544828,38.5007079296552,0.667777142857143
"CRYSTAL PINES 2",381,47,205311.077389985,0.429649630662021,1.007751938,59.45736434,16.97674419,21.62790698,0.455167567567568
"CRYSTAL PINES TOWNHOMES",381,8,179899.943095599,0.494091387903043,0.62984496125,41.3751384275,14.717607975,31.2317275775,0.496992569659443
"DAIRY POND",289,8,702810.391566265,0.70509331044613,8.769230769,16,3.846153846,69.84615385,0.815860740127037
"DANIELS FARM",240,10,616607.857834982,0.555059745451026,10.9975326,12.19598167,0,70.46175538,0.618894884917175
"DAVIS PARK TOWNHOMES",NA,28,402534.142640364,0.73295241146266,34.10672854,30.9579052,1.491547895,31.15677826,0.911816600994465
"DAVIS PARK/FINSBRY",NA,46,271442.242033384,0.623466906159126,34.10672854,30.9579052,1.491547895,31.15677826,0.726937585929828
"DENFIELD AND MONK",NA,25,236418.816388467,0.715336463414634,0.17197452228,85.090132928,1.3503184712,13.38757407844,0.806156756756757
"DOGWOOD POINTE",397,45,391037.5,0.737797723577236,3.235470342,46.97423607,5.512282804,42.84002397,0.737143243243243
"DOWNING CREEK",297,19,311077.389984826,0.570633351436753,16.01343785,4.479283315,1.511758119,74.41209406,0.664825925925926
"DOWNING CREEK/BRDF PI",297,29,269710.843373494,0.571115100242625,16.01343785,4.479283315,1.511758119,74.41209406,0.644114624505929
"DRHM CENT PRK",NA,11,625000,0.7126128,3.223443223,9.377289377,6.373626374,74.72527473,0.77626968973747
"DUKE PARK",303,52,528289.156626506,0.554835573980349,4.20332624136539,11.9412411055385,18.0580042459808,59.4557022221154,0.569889759515847
"DUKE TOWER",445,39,248963.855421687,0.48528518902439,2.480916031,7.951653944,8.905852417,69.91094148,0.527375545851528
"DUKE UNIV HOMESITES SEC 9",300,17,815022.761760243,0.655544628610505,13.835748124,2.13607151547059,3.03397078964706,76.5838110276471,0.691305825242718
"DUKE UNIV HOMESITES SEC6",300,43,820000,0.609924494213496,4.655493482,0,0,95.15828678,0.639880821917808
"DUNBARTON 2",NA,15,230625,0.49949864498645,0,36.14190687,0.609756098,63.24833703,0.531023255813953
"DUNBARTON CIRCLE",NA,34,381944.707890744,0.613388727752142,0,36.14190687,0.609756098,63.24833703,0.629488374676046
"DURHAM COTTON MANUF",NA,40,234122.96686747,0.413615368224615,0,71.8289180325,16.0088717,12.162210265625,0.458191244172494
"E. DURHAM C&I",376,11,215000,0.397278354854137,1.959459459,50.67567568,28.17567568,16.28378378,0.494337254901961
"EADEN LAKES",NA,9,370481.927710843,0.562494902967606,0,7.092198582,22.16312057,70.65602837,0.636951612903226
"EAGEL POINT",264,9,558000,0.548048780487805,12.67710664,8.128262491,1.565995526,71.58836689,0.582647160282066
"EAGEL POINT",305,21,530075.872534143,0.546346315699073,12.67710664,8.128262491,1.565995526,71.58836689,0.582647160282066
"EBONT/FAYETTEVILLE RD.",NA,20,350361.445783133,0.612779523809524,15.64560455475,38.18623832255,8.647102277,33.658046343,0.639593333333333
"ELEVEN TOWNHOMES",274,5,750318.664643399,0.744161164263576,3.223443223,9.377289377,6.373626374,74.72527473,0.91232131147541
"ELLERBEE CREEK PRESRV",NA,16,372500,0.534625385710552,0.043821209,54.99561788,14.59246275,24.40841367,0.615740573175788
"ELLIOTT SQUARE TOWNES",274,35,666373.493975904,0.687955497394012,0,59.44444444,31.875,8.263888889,0.724109697933227
"ELLIS CROSSING",NA,49,553500,0.668416324559285,12.37263464,35.95342067,6.877729258,41.81222707,0.715420408163265
"ELLIS CROSSING TWNHMS PH2",NA,21,459397.590361446,0.657686652759949,12.37263464,35.95342067,6.877729258,41.81222707,0.688559228650138
"ELLIS RD PH 3C",NA,83,478168.674698795,0.877175949950989,12.37263464,35.95342067,6.877729258,41.81222707,0.86660756501182
"ELLIS RD TWNHMS 3C",NA,32,361096.385542169,0.923740368947114,12.37263464,35.95342067,6.877729258,41.81222707,0.912610966911606
"ELLIS ROAD TWNHMS PH 1&2",NA,149,481750,0.680977685521536,0,21.01865136,0,72.30989957,0.706724731182796
"ELLIS ROAD TWNHMS PH 3B",NA,109,417175,0.81647861974803,12.37263464,35.95342067,6.877729258,41.81222707,0.83689058524173
"ELM GROVE",309,88,323197.742792109,0.574274586182432,14.86199575,3.609341826,2.229299363,71.23142251,0.602029270610596
"EMORYWOOD ESTATES",310,11,479156.626506024,0.478357341463415,2.423018677,49.01564866,30.18677436,17.74356386,0.472594
"ENCLAVE AT LEESVILLE",NA,45,511475,0.83480325203252,11.81364393,21.21464226,4.076539101,61.64725458,0.881420841683367
"ENO FOREST",NA,10,663000,0.593292915267089,2.978160159,3.904698875,3.37524818,83.38848445,0.589621595580678
"ERO TRACE",254,12,291595.59939302,0.543046270338913,0,61.07544141,3.451043339,28.81219904,0.541937161022447
"ERO TRACE",312,50,366259.036144578,0.50769180158465,0,61.07544141,3.451043339,28.81219904,0.541937161022447
"ERWINWOOD",291,27,417465.857359636,0.52439756097561,6.272273699,40.62722737,12.40199572,27.44119743,0.585837837837838
"EVERWOOD",313,8,601623.672230653,0.627663432607721,5.809698079,22.64409881,0,70.3568161,0.701827088840363
"FAIRFIELD/KINGSLEY ESTATE",314,65,581714.719271624,0.596993939393939,5.21148549844616,39.6340120476923,1.83217122683077,46.7230265307692,0.628120388349515
"FAIRWAY TOWNS",288,5,642168.674698795,0.663979591932458,1.630434783,12.36413043,13.31521739,69.70108696,0.68192
"FALLS VILLAGE GOLF COURSE COMMUNITY",NA,27,489500,0.43950652173913,0,0,7.530647986,92.46935201,0.43950652173913
"FAYETTEVILLE AND COOK RD",NA,61,297250,0.549123487644416,0.417469493,54.49582531,28.19524727,15.54271034,0.60237393383056
"FAYETTEVILLE AND HOMELAND",NA,17,3e+05,0.420030825116762,0,71.97164948,16.36597938,4.961340206,0.421425714285714
"FENDOL FARMS TWNHM",NA,62,388038.713960546,0.80204989845162,2.912621359,13.03744799,2.357836338,75.17337032,0.906993861616113
"FIELDSTONE",316,34,488437.5,0.540030673234126,2.978160159,3.904698875,3.37524818,83.38848445,0.588082193311686
"FINLEY FOREST",NA,79,281566.265060241,0.517360269360269,16.01343785,4.479283315,1.511758119,74.41209406,0.543916363636364
"FINSBURY @ DAVIS PK TWNHM",NA,25,414355.083459788,0.604222924625331,34.10672854,30.9579052,1.491547895,31.15677826,0.65849010989011
"FIRE OAKS TOWNHOMES",NA,12,264121.813353566,0.558920999551401,7.371167645,11.2198304,6.196999348,74.36399217,0.608265957446809
"FISHER HEIGHTS",NA,17,255083.459787557,0.495974789202648,0,87.47680891,6.307977737,2.319109462,0.522263917525773
"FITZFORD ESTATE",458,6,446084.97723824,0.49553935721901,0,24.79240807,13.04863582,60.26097272,0.608394202898551
"FLETCHERS MILL  HWY 85 & HWY 98  PHILLIPS CREEK",NA,31,460500,0.738998851894374,0,22.59887006,0,77.40112994,0.738998851894374
"FOREST HILLS",321,55,745963.581183612,0.600448869179601,2.7380726998,11.247317932,4.6279029412,73.862331184,0.666060402130265
"FOREST OAKS",322,30,272137.5,0.529943136392603,12.4201278,41.33386581,7.068690096,34.94408946,0.550736551704567
"FORESTWOOD HEIGHTS",NA,56,287234.939759036,0.509759133897461,0,87.47680891,6.307977737,2.319109462,0.571008331958423
"FOX DEN",324,11,412500,0.52304,0.117508813,2.23266745,0,92.00940071,0.533232786885246
"FRAZIER FIRST",NA,13,311077.389984826,0.472575006445625,0,69.55752212,2.477876106,13.45132743,0.515282051282051
"GAITHERS POINTE",340,26,473281.25,0.530202099131528,1.963439404,39.47190251,3.588354773,46.58090724,0.550856901646264
"GANYARD",NA,11,281875,0.527169844789357,1.803278689,56.2295082,22.95081967,16.8852459,0.536994575045208
"GANYARD FARM",NA,27,390240.963855422,0.557491693177801,1.803278689,56.2295082,22.95081967,16.8852459,0.571428985507246
"GARRETT FARMS",NA,31,666867.469879518,0.538463383662408,9.31982151403226,11.1272005385484,0.0768049155483871,76.6573053325806,0.602298723342521
"GATEWOOD",327,9,355872.53414264,0.504009112229234,0,58.26446281,22.83057851,15.08264463,0.513121126760563
"GLEN LAUREL",NA,8,254419.575113809,0.460307367886179,0.958627649,42.83551968,18.56710394,36.02421796,0.466367682494685
"GLEN STONE",328,36,347910.31626506,0.515992277851829,0,26.38504155,51.10803324,21.32963989,0.536973809523809
"GLENBROOK",468,38,213454.819277108,0.610286593173488,0,78.3977060763158,7.31977001605263,9.59752321763158,0.667406552094522
"GLENN CROSSING  TOWNHOMES  BROOKFIELD HOLDINGS (GLENN ROAD) LLC",NA,18,313000,0.73924220859528,0,26.38504155,51.10803324,21.32963989,0.73924220859528
"GLENNVIEW PARK",317,36,295692.771084337,0.482793091581811,0,25.96491228,26.9005848,44.09356725,0.548767857142857
"GLENNVIEW PARK",318,15,322875,0.529072336877215,0,25.96491228,26.9005848,44.09356725,0.548767857142857
"GLIDEWAY",339,7,584825.493171472,0.570725522786131,0,27.6014109334286,26.2975560611429,44.4683799442857,0.672542553191489
"GOLD LEAF VENTURES-NEW SFR",NA,5,369000,0.736797212543554,0,73.47588717,25.61419472,0.909918107,0.755217142857143
"GRANDIN TRACE",NA,5,563000,0.545338769458858,10.6397836908,31.189114538,6.6055866792,48.51540616,0.610911602209945
"GREEN HOPE VALLEY",343,17,668300,0.549689115398617,5.82010582,23.28042328,6.084656085,54.4973545,0.59980888030888
"GREEN HOPE VALLEY",422,16,486875,0.563120154766629,5.82010582,23.28042328,6.084656085,54.4973545,0.59980888030888
"GREEN MILL",NA,11,640625,0.539644102114319,0,28.9375233805455,25.29394474,44.2100903209091,0.644719047619048
"GREENWOOD",361,16,321953.43323217,0.531256481031851,0,70.43879908,5.157813703,24.24942263,0.601346153846154
"GREENWOOD",NA,97,325386.949924127,0.545368055555556,0,65.714039802268,17.613634312567,16.4699850040722,0.601346153846154
"GREER AND JOYNER",NA,45,197845.220030349,0.593675523210071,0,23.7925382268889,28.9159868076,37.2944861027111,0.672647619047619
"GREY MOSS",369,26,487643.75,0.558603074813519,1.085141903,9.18196995,0.667779633,76.79465776,0.613816481012658
"GREYFIELD",341,14,527475.903614458,0.51876684791141,1.405975395,7.029876977,6.590509666,79.61335677,0.539109021449668
"GREYSTONE",NA,7,273748.103186646,0.604812623274162,0,49.94011976,14.25149701,35.80838323,0.691045454545455
"GREYSTONE GREEN",NA,44,308666.540212443,0.520284262232227,0,54.4246179965909,11.786583285,31.0298135186364,0.564254545454545
"GROVE PARK",332,115,425000,0.53955165798849,2.317198764,38.46549949,12.35839341,44.6961895,0.580442831215971
"GROVE PARK GOLT",332,68,408755.690440061,0.533914463175514,0,52.14477212,4.289544236,43.56568365,0.579468161474542
"HABITATE HAY DEVELOPMENT",NA,141,230197.268588771,0.534217886178862,0.496442418751773,68.182890025461,19.58300517,10.8312207031348,0.581454887218045
"HACKNEY",444,7,2e+05,0.455785,0.956521739,38.52173913,19.91304348,33.13043478,0.455785
"HALES WOOD RD.",NA,15,750000,0.667878819512195,16.01343785,4.479283315,1.511758119,74.41209406,0.673360248447205
"HAMLIN AND OLD OXFORD",468,19,173581.183611533,0.68448,0.178366455578947,45.2272981047368,35.0138102836842,11.8248719604737,0.7826
"HAMLIN AND OLD OXFORD",NA,6,306935.93798563,0.536398688856875,0.043821209,54.99561788,14.59246275,24.40841367,0.7826
"HANOVER POINTE",NA,57,440000,0.573893623273582,10.56625803,36.31056626,13.25160537,39.87157034,0.6021125
"HARBOR POINTE",NA,13,444578.313253012,0.638428801642608,10.19855596,39.07942238,24.68411552,24.81949458,0.746399452804378
"HARDSCRABBLE PLANTATION",NA,43,613444.613050076,0.576227272727273,0.117508813,2.23266745,0,92.00940071,0.619333928571429
"HARLOWE POINT  KLLB AIV LLC  PL208-108  LENNAR HOMES",NA,50,458500,0.768715552249844,10.56625803,36.31056626,13.25160537,39.87157034,0.762784669956667
"HARRINGTON MEADOWS",NA,36,385367.981790592,0.520505508768332,11.5663933030278,20.9874979747222,4.02879735758333,62.0229800172222,0.564290010074552
"HARRINGTON PINES",NA,36,453861.91198786,0.535250454423951,11.81364393,21.21464226,4.076539101,61.64725458,0.578852363977486
"HARVARD AND MIAMI RES",NA,50,223712.860394537,0.573739469608982,1.44999999966,43.3874130334,36.8183744486,15.470619857,0.619824680271481
"HARVEST OAKS",NA,12,320825,0.563685227419853,1.803278689,56.2295082,22.95081967,16.8852459,0.577777358105349
"HAVENHILL",369,12,452728.915662651,0.54873045872815,1.085141903,9.18196995,0.667779633,76.79465776,0.577188013196481
"HEATHER RIDGE",333,18,521005.31107739,0.509293556772203,0,24.79240807,13.04863582,60.26097272,0.557153587056656
"HEATHERWOOD",338,12,507056.145675266,0.596458292756155,6.588579795,46.41288433,0,46.99853587,0.682268860560966
"HEBRON VILLAGE  BULL CITY NORTH LLC",NA,26,350250,0.748589904046725,2.077431539,60.90651558,16.52502361,13.78659112,0.748589904046725
"HICKORY DOWNS",318,9,292412.746585736,0.490627118644068,0,25.96491228,26.9005848,44.09356725,0.579829181494662
"HICKORY GLEN",NA,15,282554.21686747,0.565201009251472,2.685421995,72.97527707,12.87297528,8.780903666,0.583166037735849
"HIGHLAND PARK",420,65,410000,0.681724887878602,0.417469493,54.49582531,28.19524727,15.54271034,0.686214285714286
"HILLSBOROUGH & GATEHILL",251,17,360602.409638554,0.597683235566533,0,6.994047619,18.75,69.64285714,0.63699104477612
"HILLSBOROUGH & GATEHILL",452,22,415250.836426129,0.601291812015328,0,6.994047619,18.75,69.64285714,0.63699104477612
"HILLVIEW TERRACE",468,12,253298.493975904,0.493708308077628,3.60254111066667,78.56845288,6.64072522333333,10.07087443,0.555162546177892
"HOLLYMEADE",NA,10,275797.325493171,0.564873883481574,0,25.13368984,12.70053476,60.42780749,0.578995730568614
"HOLSTON MEADOWS TWNHMS",335,16,240440.334936103,0.556329934873374,6.607142857,48.48214286,13.125,25.625,0.58833531947652
"HOMES STARTING IN THE 380S --- KB HOMES BUILDER",353,7,424350,0.613801398089075,0,1.08401084,28.18428184,48.23848238,0.612826697892272
"HOMES STARTING IN THE 380S --- KB HOMES BUILDER",NA,26,432475.903614458,0.616140678789403,0,1.08401084,28.18428184,48.23848238,0.612826697892272
"HOOVER AND SOUTHERLAND",NA,15,290075,0.477553658536585,0,30.72143597,55.36762168,10.52813255,0.481646666666667
"HOPE CREEK",NA,21,830250,0.587005479452055,8.149171271,8.908839779,0,82.11325967,0.626136774193548
"HOPE VALLEY - NEW",323,46,441875,0.519052873247815,3.94113483413044,6.26173824569565,3.72507068078261,81.8028202656522,0.602141176470588
"HOPE VALLEY - NEW",340,48,525096.385542169,0.55896907433623,0.7362897765,33.648117285,3.4610176555,59.0063017525,0.602141176470588
"HOPE VALLEY - NEW",341,46,434541.672989378,0.579079073751452,21.55207077,39.20386007,9.288299156,28.58866104,0.602141176470588
"HOPE VALLEY - NEW",459,25,455000,0.54215724728181,0.281195079,25.5290523154,4.0257942412,69.091902122,0.602141176470588
"HOPE VALLEY - NEW",460,21,515000,0.528900970873786,0.200853627857143,26.8504219824286,3.84260028228571,68.3403696471429,0.602141176470588
"HOPE VALLEY - NEW",NA,15,467860.394537178,0.57941935483871,16.17977867,30.6241312452,8.56888862533333,42.195246568,0.602141176470588
"HOPE VALLEY NORTH",344,20,391277.029590288,0.474417418752755,0,56.99588477,4.218106996,38.78600823,0.537213953488372
"HOPE VALLEY ON RUGBY RD.",338,33,1219750,0.533998213414634,3.072870939,0,3.248463565,85.95258999,0.59342
"HORTON HILLS",345,17,363875,0.509749544892188,6.607142857,48.48214286,13.125,25.625,0.604753125
"HPVL RIDGE TOWNHOMES",NA,10,406937.5,0.587090818115635,14.86199575,3.609341826,2.229299363,71.23142251,0.597460541977584
"HUCKLEBERRY HEIGHTS",276,5,354628.224582701,0.579289437148218,0,10.1113628804,4.9155975696,84.75696933,0.65755
"HUCKLEBERRY HEIGHTS",346,25,338250,0.605847261095562,0,9.520594193,6.144496962,84.06482107,0.65755
"HUCKLEBERRY HEIGHTS",368,15,373612.5,0.57859756097561,0,9.520594193,6.144496962,84.06482107,0.65755
"HUNINGTON RIDGE",273,27,600674.698795181,0.559806770833333,20.94517958,7.069943289,1.890359168,65.86011342,0.617778701955121
"HUNINGTON RIDGE",347,11,634597.875569044,0.565957723577236,20.94517958,7.069943289,1.890359168,65.86011342,0.617778701955121
"HUNTINGTON VALLEY",NA,55,486875,0.832386434244746,0,33.20407174,1.793504605,58.84634028,0.882805383022774
"HUNTLEY",NA,23,523614.457831325,0.607632825203252,11.81364393,21.21464226,4.076539101,61.64725458,0.70108138238573
"I-85 & BROAD NE",372,42,361590.361445783,0.533688323860538,0,9.423076923,9.038461538,81.53846154,0.615958865182437
"I-85 & BROAD NE",453,17,387500,0.622676523824607,1.254064097,42.63817928,29.07570831,15.09521598,0.615958865182437
"I-85 & BROAD NE",NA,19,345425,0.624264593495935,1.254064097,42.63817928,29.07570831,15.09521598,0.615958865182437
"I40/HWY54/I40 RURAL",NA,8,475168.816388467,0.841412618592012,7.371167645,11.2198304,6.196999348,74.36399217,0.93659649122807
"INNISFREE",NA,8,439021.084337349,0.666373295913423,0,41.46505376,27.62096774,30.91397849,0.693660622710623
"JOYLAND",NA,133,262912.5,0.530636966463415,0.585543141766918,44.6217041189474,38.216231552406,12.2887879661955,0.58365
"KENWOOD RD.",NA,31,404875,0.566547425474255,3.25532336083871,24.449390646129,3.10946589032258,61.6662562225806,0.607464242424242
"KEYSTONE CROSSING",NA,37,362084.337349398,0.553679213789345,34.10672854,30.9579052,1.491547895,31.15677826,0.598769452449568
"KILARNEY DR",NA,8,173456.752655539,0.554072285601888,0,41.45818442,41.02930665,8.43459614,0.633423780779918
"KIRBY ST",NA,9,218998.482549317,0.573120144534779,2.423018677,49.01564866,30.18677436,17.74356386,0.587448148148148
"KNOLLWOOD",349,7,484096.385542169,0.575962025316456,0,41.46505376,27.62096774,30.91397849,0.643719788702195
"LADSBURRY",NA,15,460394.537177542,0.579438254172015,14.19753086,20.37037037,0.396825397,53.92416226,0.624768374164811
"LAKE PARK",350,7,410000,0.655524390243903,5.98184549142857,18.7211059285714,2.57462849528571,66.5241934071429,0.6719125
"LAKESHORE",NA,58,527618.75,0.696189836251212,4.281891169,21.67707404,2.943800178,61.46297948,0.809819063922985
"LAKESHORE TOWNHOMES",NA,28,391024.279210926,0.799752691043892,10.24868124,31.98944989,1.620195931,50.03767898,0.9660017977813
"LAKEVIEW",NA,14,319165.402124431,0.532289664440778,5.368289638,21.47315855,2.684144819,69.60049938,0.552787356321839
"LAKEWINDS",NA,5,484096.385542169,0.570091473302571,0,34.18874172,8.443708609,57.36754967,0.660621176470588
"LAKEWOOD",352,8,506000,0.697569692939772,5.3236228645,43.71212988,19.729544862375,24.52626372125,0.680621052631579
"LAKEWOOD",360,46,353814.11229135,0.586206740693196,7.107540173,57.23114957,20.08652658,14.15327565,0.680621052631579
"LAKEWOOD",365,29,399750,0.587732906837265,3.71006630489655,16.2088823358621,6.92280266168966,70.8587134355172,0.680621052631579
"LANDON FARMS",353,53,319108.43373494,0.49128069450186,0,33.763662794717,33.4597322913208,23.8641950308679,0.557048888888889
"LASSITER ST",NA,9,422300,0.497807246033625,0,12.40875912,2.773722628,79.27007299,0.576506527415144
"LATTA ROAD",356,24,398964.529590288,0.564503221921108,0,33.20407174,1.793504605,58.84634028,0.615442857142857
"LATTA ROAD",390,47,383325.301204819,0.55849370468029,0,9.407665505,0,75.95818815,0.615442857142857
"LATTA ROAD",NA,48,382831.325301205,0.578293045183556,0.3102250165625,3.15396461452083,24.6394512167708,63.877524388125,0.615442857142857
"LATTA WOODS",354,5,405060.240963855,0.575448912326961,0,33.20407174,1.793504605,58.84634028,0.589835135135135
"LAURAL VILLAGE",NA,5,350000,0.531163763066202,13.48614072,55.97014925,19.29637527,8.475479744,0.544442857142857
"LAUREL GLEN",NA,7,435000,0.532463442636723,0,26.89486553,3.178484108,62.10268949,0.547410869565217
"LEBANON",295,10,530750,0.605173519163763,0,49.60784314,0,35.68627451,0.636821759259259
"LEBANON",NA,119,358750,0.5802,0.906183428672269,21.2134112484202,10.5901103051345,64.4906739829412,0.636821759259259
"LEBANON ACRES",NA,5,235750,0.48160165249861,0,34.718582098,7.829181492,50.431093436,0.537309260832625
"LOCHN'ORA",357,10,566405.120481928,0.583033157785201,10.9975326,12.19598167,0,70.46175538,0.598955898520084
"LOCHSIDE",358,51,353625,0.560499786050492,2.45981073843137,49.3316680976471,13.4899123730588,28.3809933358823,0.564571134020619
"LYNN HOLLOW",NA,31,334719.271623672,0.525587878787879,0,70.51993942,8.480565371,4.745078243,0.55054
"LYONS FARM/THE OAKS/GRAND",314,6,658500,0.604561030049399,9.922113105,19.77649848,1.896376566,62.71588215,0.623633548219927
"LYONS FARM/THE OAKS/GRAND",NA,57,615000,0.585798494308943,9.21966426538597,27.1339598635088,1.52381023712281,57.2264761808772,0.623633548219927
"MADISON GLEN",NA,22,437920.507523265,0.550626289509152,0,33.20407174,1.793504605,58.84634028,0.603878231292517
"MAGNOLIA CREEK",468,65,356187.5,0.649873170731707,1.245640259,75.08719482,19.03338316,2.939711011,0.684684523809524
"MAGNOLIA CREEK TOWNHOMES",468,52,302375,0.934454109239748,1.245640259,75.08719482,19.03338316,2.939711011,0.962971204501044
"MAGNOLIA PLACE",NA,32,496180.102427921,0.549956871980676,4.281891169,21.67707404,2.943800178,61.46297948,0.587322645290581
"MAIDA VALE",NA,12,1355250,0.47375734052892,0.61462815,2.274124155,0,87.95328826,0.527479512452512
"MAIN & ELM",308,14,254420.077883613,0.460302520852153,2.920723227,65.92489569,12.3783032,17.52433936,0.550783585759245
"MANGUM 506",274,5,373292.867981791,0.664642424242424,3.223443223,9.377289377,6.373626374,74.72527473,0.731106666666667
"MANGUM FLATS CONDOS",NA,25,368012.048192771,0.909188492184174,3.223443223,9.377289377,6.373626374,74.72527473,0.9312
"MARTIN LUTHER KG/HOPE VAL",272,6,428962.5,0.494333933895011,5.114988105,25.13877875,51.62569389,15.62252181,0.682077908961593
"MARTIN LUTHER KG/HOPE VAL",296,57,485280.728376328,0.648105984832958,0.269209900263158,8.99088434305263,29.2542875696491,57.7034109131579,0.682077908961593
"MARTIN LUTHER KG/HOPE VAL",395,18,555584.218512898,0.518388062958932,0.8524980175,29.03401935,9.59329384777778,58.8710869288889,0.682077908961593
"MARTIN LUTHER KG/HOPE VAL",402,36,518254.931714719,0.614994701442594,3.26534150516667,11.8617858744444,2.72307036322222,67.6007928455555,0.682077908961593
"MARTIN LUTHER KG/HOPE VAL",NA,53,461373.493975904,0.609139771397714,0.517329342056604,22.8276398211321,8.95223834950943,65.1142903337736,0.682077908961593
"MARY HILL",362,23,773875,0.65604,5.809698079,22.64409881,0,70.3568161,0.695289988306274
"MARY HILL",NA,5,973750,0.615245333333333,5.809698079,22.64409881,0,70.3568161,0.695289988306274
"MARYWOOD",401,5,721204.819277108,0.577754042766455,2.978160159,3.904698875,3.37524818,83.38848445,0.571151773049645
"MCKENZIE PLACE TWNHM",338,6,309352.409638554,0.536193078599281,3.072870939,0,3.248463565,85.95258999,0.554403229337712
"MEADOWS AT TWIN LAKES",NA,78,417687.5,0.863852098622779,0,30.72143597,55.36762168,10.52813255,0.879171629082819
"MELBERRY PARK TOWNS",NA,54,371887.397846317,0.617434363934927,11.81364393,21.21464226,4.076539101,61.64725458,0.645569862504645
"MERIDAN TOWNHOMES",NA,26,402845.220030349,0.561293970189702,1.861832435,31.50416463,5.634492896,55.41401274,0.595569025641026
"MIAMI & PLEASENT",392,37,248963.855421687,0.48993130910901,0,18.6279181178378,61.7320644467027,18.3712670262973,0.481127754990429
"MIAMI & PLEASENT",NA,43,325000,0.466972357723577,0,17.02786378,73.06501548,9.907120743,0.481127754990429
"MIAMI AND 70 RESIDENTIAL",NA,84,298113.333455217,0.524879399100034,3.07608983075,28.4006300752381,7.89485593257143,54.0116403217857,0.541748
"MILAN WOODS",364,37,312943.854324734,0.520825515947467,0,43.16877153,22.96211251,29.04707233,0.561485809682805
"MOREHEAD",352,6,183535.660091047,0.664546814269694,0,26.24179944,28.39737582,28.49109653,0.812886666666667
"MORNINGSIDE",NA,6,1153000,0.451733532934132,0,25.96491228,26.9005848,44.09356725,0.451733532934132
"MUIRFIELD VLG TWNHMS",NA,17,335175,0.555192660550459,0.958627649,42.83551968,18.56710394,36.02421796,0.585066864784547
"N FREEMAN W FLETCHERS",NA,48,261305.007587253,0.517652922330449,0.13083297,56.6283311158333,10.0716902463333,25.5054602039583,0.585425630252101
"NE ROXBORO & I-85",255,5,437162.5,0.520702445652174,0,70.62477165,12.09353307,15.85677749,0.628065445026178
"NE ROXBORO & I-85",279,102,324468.072289157,0.637875870551867,0.651235223215687,52.488650184902,10.1682454245098,32.8258977692157,0.628065445026178
"NE ROXBORO & I-85",372,115,380000,0.529687149226331,3.23054386469565,6.98033619098261,5.80866582945217,78.6018846827826,0.628065445026178
"NE ROXBORO & I-85",468,53,322898.330804249,0.629344533221194,1.56244666181132,29.3839024411321,8.38726945584906,53.688274290566,0.628065445026178
"NEW SUBDIVISION",NA,92,490024.096385542,0.67060829368821,12.37263464,35.95342067,6.877729258,41.81222707,0.662528675691967
"NICHOLS FARM",NA,77,522750,0.787336017049491,10.56910569,26.59698026,2.113821138,57.97909408,0.81627652733119
"NORTH DURHAM UTILITIES",NA,5,232685.887708649,0.573820231707317,0,26.38504155,51.10803324,21.32963989,0.588142857142857
"NORTH FORK",NA,8,464677.541729894,0.654124133889988,0,2.479338843,0,91.94214876,0.710445281231498
"NORTH I40 RURAL",NA,12,395600.91047041,0.660748816255621,0.484141506583333,25.6881778241667,24.6588694,46.2821713208333,0.684658227848101
"NORTHERN HS CITY",415,10,455842.185128983,0.568071368929684,1.7518248174,35.817352359,0,55.295122762,0.629390416143748
"NORTHERN HS CITY",NA,32,358866.654021244,0.556819988928548,0,49.6855961821875,0.10784510434375,42.5125971246875,0.629390416143748
"NORTHERN HS RESIDENTIAL",250,40,338842.564491654,0.614958215457739,9.936305732,20,0,70.06369427,0.643632251082251
"NORTHERN HS RESIDENTIAL",NA,16,344066.56626506,0.577150822299652,9.936305732,20,0,70.06369427,0.643632251082251
"OAK FOREST",NA,7,336500,0.588845544501498,0.117508813,2.23266745,0,92.00940071,0.632770909090909
"OAKHAURST/LAKEHURST",351,19,659951.807228916,0.545244302279088,5.5370157731579,43.8416789805263,1.37588751794737,43.8878289452632,0.607468120805369
"OAKHAURST/LAKEHURST",375,8,638476.973142951,0.562197044894585,0.643604183,58.88978278,1.769911504,31.2148029,0.607468120805369
"OLD EAST DURHAM",234,35,271686.746987952,0.569891489547038,1.0175968066,25.3385113368571,49.8909841097143,20.562326158,0.609784126984127
"OLD EAST DURHAM",306,5,311077.389984826,0.433515859151835,0.99009901,32.42574257,23.14356436,38.86138614,0.609784126984127
"OLD EAST DURHAM",308,18,318131.25,0.617104437669377,2.920723227,65.92489569,12.3783032,17.52433936,0.609784126984127
"OLD EAST DURHAM",376,142,309288.694992413,0.529155900369549,0.954395984704225,32.9793912791268,35.4530019875352,27.5766121471831,0.609784126984127
"OLD EAST DURHAM",450,12,276237.5,0.600385670602705,0.40170940175,37.2259057883333,41.1052613966667,20.8032819616667,0.609784126984127
"OLD EAST DURHAM",NA,134,261908.194233687,0.557954099574304,2.86320889813433,31.5160539486716,40.0204392407463,23.3771785029104,0.609784126984127
"OLD FARM",377,52,321337.5,0.539956132425375,2.81112199880769,58.6072168284615,23.8426183667692,12.8902665791154,0.592520206628203
"OLD N DURHAM",378,7,785421.686746988,0.721785444086516,3.223443223,9.377289377,6.373626374,74.72527473,0.670990730050934
"OLD N DURHAM",379,111,591047.040971168,0.601068647221524,1.58310794642342,24.9714117684505,24.0114644476126,46.3735543413513,0.670990730050934
"OLD OXFORD AND DEARBORN",468,76,256762.5,0.53627368191691,0.126198216263158,65.4772486255263,23.2870652531579,2.24804308805263,0.562474857142857
"OLD W DURHAM",380,58,518674.698795181,0.637699434602767,12.902434372069,6.00868580937931,9.97357890813793,61.5235639072414,0.67393137254902
"OLD W DURHAM",447,18,612822.458270106,0.54855762533009,7.15784631333333,4.265594488,7.72156383944444,73.1194012788889,0.67393137254902
"ONE CITY CENTER CONDOS",270,68,802463.855421687,0.987873655761586,3.223443223,9.377289377,6.373626374,74.72527473,0.975971563523495
"ORCHARD LAKE",NA,14,414062.745671609,0.506207259087003,0.417469493,54.49582531,28.19524727,15.54271034,0.526067496476523
"ORCHARD PARK",365,5,1119878.60394537,0.839080233062331,3.357314149,10.6314948,5.355715428,78.25739408,1.04407555555556
"ORCHARD RIDGE",382,14,473000,0.558295006715712,10.56625803,36.31056626,13.25160537,39.87157034,0.628709253246753
"ORCHARD RIDGE TOWNS",382,13,333474.962063733,0.608217391304348,10.56625803,36.31056626,13.25160537,39.87157034,0.612889552238806
"OXFORD COMMONS RESIDENTAL",468,8,257261.001517451,0.563402041568755,3.75288683625,44.86720554375,30.7210903975,13.179767404625,0.629418525345622
"PAGE SQUARE TOWNES",NA,61,394112.5,0.705750624343564,8.79062228508197,39.7260624547541,2.45227104222951,44.2824154719672,0.811782035928144
"PAGEHURST",363,21,369000,0.569140660697746,0,44.66279589,6.208128629,39.88387673,0.587935135135135
"PAGEHURST",384,13,375000,0.544630875429219,10.24868124,31.98944989,1.620195931,50.03767898,0.587935135135135
"PAGEHURST TWNS",363,15,319787.556904401,0.541752613240418,0,44.66279589,6.208128629,39.88387673,0.546160377358491
"PANTHER CREEK",NA,29,358750,0.517098957773719,0,0,6.003430532,93.99656947,0.558224489795918
"PARK PLACE",NA,14,130255.271084337,0.470156104605089,0,15.98101266,67.7742616,14.50421941,0.481910007220217
"PARK PLACE VILLAGE",NA,15,261305.007587253,0.479671918843082,0,23.2528695613333,59.8684354361333,13.2030005877333,0.524136
"PARKSIDE",387,14,498273.899848255,0.54296394710185,1.809210526,12.17105263,3.536184211,67.26973684,0.604995652173913
"PARKWOOD RIDGE",NA,43,255083.459787557,0.543203638544582,6.38956417627907,32.2960467181395,9.0662143127907,48.8134550311628,0.610593301435407
"PARTNERS PLACE",NA,9,330000,0.529490909090909,10.77981651,42.66055046,17.66055046,27.06422018,0.557841935483871
"PATTERSON PARK",NA,10,446264.87741558,0.620197909407666,0,25.96491228,26.9005848,44.09356725,0.665660743321719
"PEBBLE CREEK",NA,16,422562.5,0.503729132791328,6.420545746,3.531300161,0,85.71428571,0.516322361111111
"PENRITH WEST AND OTHERS",389,109,388475,0.54312131664776,2.81709184763303,53.8720315342202,12.2152942922385,29.6705544755046,0.60805
"PEPPERTREE",381,19,218998.482549317,0.383104192424413,1.007751938,59.45736434,16.97674419,21.62790698,0.3993125
"PICKETT CROSSING",NA,5,462361.445783133,0.603444233449477,8.149171271,8.908839779,0,82.11325967,0.596928421052632
"PICKETT EST",NA,8,937500,0.290490811965812,5.809698079,22.64409881,0,70.3568161,0.290490811965812
"PICKETT PARK",NA,12,348632.530120482,0.595834176488894,14.40329218,1.783264746,3.223593964,76.54320988,0.618111111111111
"PLACID VALLEY",391,14,607312.5,0.571438396156689,0,0,9.262166405,62.95133438,0.571716981132075
"POLARIS DR",NA,5,338250,0.535862051649928,0,2.479338843,0,91.94214876,0.545427272727273
"POPE'S CROSSING",NA,14,404700.303490137,0.53132400362145,7.371167645,11.2198304,6.196999348,74.36399217,0.581195607043559
"POPE'S CROSSING TOWNHOMES",315,40,333032.379518072,0.623916319601566,10.07462687,2.686567164,0,87.23880597,0.666909769941732
"PRESCOTT PLC/ENCLAVE FARM",NA,12,721312.5,0.552374957880069,0,25.96491228,26.9005848,44.09356725,0.603299235598963
"PRESIDENTIAL",278,114,274059.180576631,0.523160800908693,0.587634133842105,65.1455473161404,17.5176233270702,14.1412160809298,0.554366739087498
"PROP-OLIVE BRANCH WEST PL000205-000129",NA,20,491250,0.257219740895602,10.56910569,26.59698026,2.113821138,57.97909408,0.257219740895602
"PROVIDENCE AT SOUTHPOINT",NA,70,446900,0.812532119364376,16.81547619,24.35515873,28.67063492,30.15873016,0.809050474762619
"PROVIDENCE RIDGE",396,10,531360.617469879,0.538734091864412,2.52293578,42.35474006,16.13149847,36.16207951,0.556941831775701
"PVLN E LOFTS",304,8,385735.963581184,0.62982398163723,35.95419847,10.15267176,10.61068702,41.3740458,0.745228849590469
"RANDOLPH HOUSE",445,26,427731.411229135,0.793076884097368,5.31358885,8.536585366,3.135888502,65.67944251,0.840163888888889
"RAVENSTON",397,54,468879.828875441,0.573255364771877,3.235470342,46.97423607,5.512282804,42.84002397,0.595572025052192
"RAVENSTON",NA,19,506819.277108434,0.501474036801209,3.235470342,46.97423607,5.512282804,42.84002397,0.595572025052192
"RAWDON DRIVE",NA,5,261927.162367223,0.523794473089624,2.32172471,64.59369818,7.711442786,11.35986733,0.544420634920635
"RED MOUNTAIN",NA,12,489114.757207891,0.635490784500053,0,34.18874172,8.443708609,57.36754967,0.659798120300752
"REDGATE",NA,17,299812.5,0.569547763477635,1.166827387,42.0241568329412,38.7708579982353,16.0448836094118,0.608173207036536
"REGENCY BLUFFS",340,25,643308.042488619,0.557213093709885,3.51126616552,35.16839522792,3.4252681238,49.5389690724,0.580637209302326
"RES SOUTH OF NCCU",278,75,240000,0.582428468612555,6.0949570692,54.2557856254667,11.5155934184667,23.4793464626667,0.603381322957198
"RESIDENTIAL",253,6,633577.389984826,0.611201033192846,5.809698079,22.64409881,0,70.3568161,0.627324210526316
"RESIDENTIAL",291,13,435625,0.564508562532434,6.272273699,40.62722737,12.40199572,27.44119743,0.627324210526316
"RESIDENTIAL",297,45,591047.040971168,0.600103829599382,10.9984419113333,2.96543412082222,0.235162374066667,85.2435396728889,0.627324210526316
"RESIDENTIAL",315,54,575798.62698137,0.608132012593464,10.07462687,2.686567164,0,87.23880597,0.627324210526316
"RESIDENTIAL",319,7,461250,0.554382294096854,15.38461538,23.45523329,0,58.0075662,0.627324210526316
"RESIDENTIAL",338,11,461250,0.606061226287263,1.99572131727273,16.55495838,2.00455745227273,75.4529257063636,0.627324210526316
"RESIDENTIAL",341,45,389500,0.540288,10.0776329571111,4.82553210191111,3.77995191517778,74.2116658024444,0.627324210526316
"RESIDENTIAL",366,9,328000,0.596786585365854,0.72815534,17.31391586,3.478964401,71.60194175,0.627324210526316
"RESIDENTIAL",388,172,386669.195751138,0.539657347965673,2.92696940072093,22.6176544076744,8.08934509245349,59.0312320215116,0.627324210526316
"RESIDENTIAL",409,15,925000,0.662834594594595,8.610086101,21.52521525,0,68.94218942,0.627324210526316
"RESIDENTIAL",441,18,472734.939759036,0.621132557831684,5.36223333983333,19.4003527333333,5.61195733166667,59.7398937483333,0.627324210526316
"RESIDENTIAL",NA,552,571941.198786039,0.605817045410047,11.0556548000833,28.2552471794765,5.42100685757428,50.8135486884801,0.627324210526316
"REVERE CT TWNHMS",388,6,230654.02124431,0.597151063634697,4.80349345,35.80786026,0,57.31441048,0.630512476190476
"REYNOLDS AVE",342,14,385735.963581184,0.59688851940133,0,27.13833157,1.16156283,70.64413939,0.615204141865079
"RIDGEWOOD/RIDGEFIELD",398,47,380000,0.504196296296296,0.69777584,69.29786306,11.25163541,10.29219363,0.52864347826087
"RIDGEWOOD/RIDGEFIELD",NA,36,328871.016691957,0.502367634533488,0.69777584,69.29786306,11.25163541,10.29219363,0.52864347826087
"RIVER OAKS",400,18,239529.590288316,0.587280658650059,0,61.07544141,3.451043339,28.81219904,0.682686990154712
"ROCKY RIDGE",367,21,740963.855421687,0.569278780487805,2.490421456,15.90038314,2.011494253,62.2605364,0.569652173913043
"ROLLINGWOOD",NA,5,410000,0.556870731707317,14.0930030384,24.504299626,0.4519774012,57.886278948,0.570507361111111
"ROSEBRIAR",NA,8,332915.02276176,0.581143863724352,0,47.63979666,13.7254902,37.69063181,0.636733679558011
"ROSELAND AVE",359,24,609711.684370258,0.583353968004196,7.051282051,11.05769231,0.608974359,68.46153846,0.656763763594224
"ROUGEMONT",403,13,299256.449165402,0.655545898004435,0,34.18874172,8.443708609,57.36754967,0.692273830155979
"ROUGEMONT",NA,30,447789.292488619,0.606553446847676,0.3432137285,20.4321121759333,4.50331125813333,72.6366334796667,0.692273830155979
"ROUGEMONT SOUTH",NA,10,460751.138088012,0.588590288046561,0,10.3759686764,4.432624114,79.768271314,0.609890508788159
"ROWENA EIGHT",NA,8,377710.843373494,0.739654138504528,0,17.02786378,73.06501548,9.907120743,0.755504957028852
"ROXBORO STADIUM DUKE HUMS",301,33,316144.578313253,0.542813333333333,0,23.3685519,28.40273462,46.55065258,0.561921501072784
"ROXBORO STADIUM DUKE HUMS",394,6,351300.0713019,0.518143297620223,1.077996195,21.68674699,36.08116677,41.15409004,0.561921501072784
"ROXBORO STADIUM DUKE HUMS",405,33,350000,0.53096030207164,0.914663438181818,21.9415659157576,34.9177679593939,41.9717510309091,0.561921501072784
"ROXBORO STADIUM DUKE HUMS",414,70,336445.78313253,0.509783732479859,1.48756700977143,41.7811428322857,15.1909108271429,35.9108989077143,0.561921501072784
"ROXBORO STADIUM DUKE HUMS",NA,26,338292.867981791,0.563576015438942,3.6791172745,47.1489111788462,7.77892074923077,38.6437211887692,0.561921501072784
"ROYAL TROON",285,14,564005.795564656,0.605308440651834,0,24.72783826,17.41835148,55.98755832,0.724506031746032
"RUSTIC OAKS",404,24,481750,0.592746523567105,21.79824561,39.69298246,0,37.93859649,0.583921800947867
"RUSTIC OAKS",NA,35,514550,0.554639687426001,21.79824561,39.69298246,0,37.93859649,0.583921800947867
"S DUKE ST",365,43,390713.201820941,0.774066871264739,2.336448598,32.57676903,6.608811749,56.00801068,0.919187692307692
"SAGEWOOD",NA,25,484658.573596358,0.687058491117534,10.56910569,26.59698026,2.113821138,57.97909408,0.846895640686922
"SCARESDALE",405,22,354674.886191199,0.542866931361566,1.077996195,21.68674699,36.08116677,41.15409004,0.585142374727669
"SEDGEWOOD",464,23,484096.385542169,0.5447131242741,16.81547619,24.35515873,28.67063492,30.15873016,0.562057761732852
"SEDGEWOOD TOWNHOMES",NA,16,344427.219271624,0.546396780694771,10.19855596,39.07942238,24.68411552,24.81949458,0.598521060606061
"SETTLERS MILL",351,9,564775,0.514690451478983,9.095860566,32.89760349,1.089324619,53.10457516,0.604125076551168
"SETTLERS MILL",406,8,388936.172230652,0.561225458046447,9.095860566,32.89760349,1.089324619,53.10457516,0.604125076551168
"SETTLERS MILL",NA,13,495000,0.570527272727273,6.60429627753846,34.3566450576923,1.27577807423077,54.8918560507692,0.604125076551168
"SEVEN OAKS TOWNS",377,12,182187.5,0.432474048144023,0,61.93181818,5.113636364,27.61363636,0.473092218693285
"SHEPARD'S SQUARE",NA,42,337207.890743551,0.710429821022247,21.79824561,39.69298246,0,37.93859649,0.85719186625778
"SHERIDAN DR",407,5,630375,0.650550862581797,0,56.99588477,4.218106996,38.78600823,0.677854545454545
"SHERRON PLACE TOWNHOMES - MI HOMES",NA,48,376198.795180723,0.659364186065397,10.56625803,36.31056626,13.25160537,39.87157034,0.651420039245332
"SINGLE FAMILY AND TOWNHOME SUBDIVISION",NA,26,351750,0.3498442214445,10.56910569,26.59698026,2.113821138,57.97909408,0.3498442214445
"SNOWHILL PRESSURE",NA,10,428664.64339909,0.578059407460882,5.836065574,5.31147541,13.7704918,65.37704918,0.621793041794865
"SNOWHILL RD.",NA,48,332044.427710843,0.52866789919439,7.14379125054167,15.3426767985417,5.73770491666667,66.7284615529167,0.571950461538462
"SOLTERRA",413,8,666638.846737481,0.573654075759825,10.9975326,12.19598167,0,70.46175538,0.570243353617309
"SOUTH POINT TRAILS",NA,39,535562.5,0.616745365853659,20.94517958,7.069943289,1.890359168,65.86011342,0.666028340080972
"SOUTHAMPTON",408,10,706533.13253012,0.567569127660043,9.922113105,19.77649848,1.896376566,62.71588215,0.637456124342716
"SOUTHEAST PARK",310,17,580000,0.566108039747064,2.423018677,49.01564866,30.18677436,17.74356386,0.604999014778325
"SOUTHERN POINTE",NA,63,386000,0.524240932642487,2.423018677,49.01564866,30.18677436,17.74356386,0.547393617021277
"SOUTHPOINT LANDING",430,31,656987.951807229,0.61620597206522,8.610086101,21.52521525,0,68.94218942,0.692251063829787
"SOUTHPOINT STATION",291,10,395180.722891566,0.78545311998302,6.272273699,40.62722737,12.40199572,27.44119743,0.7888325
"SOUTHPOINT TERRACE PHS 1",NA,19,442352.048558422,0.63784578313253,12.67710664,8.128262491,1.565995526,71.58836689,0.690145
"SOUTHPOINT TOWNES",NA,38,383500.094840668,0.640175672950332,3.147208122,26.1928934,0,58.07106599,0.668176052409295
"SOUTHSIDE",410,31,414500,0.599908515190415,1.89912229954839,49.2629872383871,19.3221531192258,21.568069883871,0.673479487179487
"SOUTHSIDE",NA,36,381612.291350531,0.646995311345794,0.310140237305556,52.3007974772222,19.9470077175278,18.8376660913889,0.673479487179487
"SOUTHSIDE NEW CONSTR",410,29,558192.771084337,0.582805472932778,6.597845601,43.85098743,15.66427289,29.08438061,0.654624
"SOUTHSIDE NEW CONSTR",NA,16,260274.329487906,0.700606013918346,4.123653500625,44.0570647725,18.9304867625,25.53939795875,0.654624
"SPARGER SPRINGS",412,32,251639.120975556,0.535290255307687,0,6.848112379,3.511852502,84.98683055,0.554393103448276
"SPRING VALLEY",367,13,389468.892261002,0.578633423180593,2.490421456,15.90038314,2.011494253,62.2605364,0.67460051908397
"SPRING VALLEY",412,29,384375,0.655522865853658,2.14691504827586,14.6517940695172,2.21844021837931,65.395197662069,0.67460051908397
"SPRING VALLEY",NA,6,413695.449476205,0.641803612034307,2.490421456,15.90038314,2.011494253,62.2605364,0.67460051908397
"SPRUNT & MOUNTAINVIEW",447,8,462214.339908953,0.534593101613833,2.624671916,2.755905512,5.774278215,82.80839895,0.580493900591106
"STANLEY ROAD",468,7,256762.5,0.612439024390244,2.077431539,60.90651558,16.52502361,13.78659112,0.62775
"STARLING WOODS",NA,35,871250,0.660888938738886,10.9975326,12.19598167,0,70.46175538,0.658720151610866
"STEPHENS WOODS",415,13,461250,0.554770786516854,0.385016443384615,46.3509665538462,0,45.6667602438461,0.569993333333333
"STILLWOOD",417,14,355664.11229135,0.522162957552487,0,62.63676149,23.14004376,14.22319475,0.627668529847979
"STIRRUP CREEK",418,15,381812.5,0.503422764227642,10.24868124,31.98944989,1.620195931,50.03767898,0.516008333333333
"STONE BRIDGE",340,24,453674.515969797,0.555022766189689,1.963439404,39.47190251,3.588354773,46.58090724,0.614709070294785
"STONEGATE",NA,7,686858.877086495,0.568596928635953,10.9975326,12.19598167,0,70.46175538,0.582811851851852
"STONEHILL",419,71,315000,0.521948553054662,0,57.3774212867606,18.1304234466197,20.7032726342253,0.547774919614148
"STONEWALL VILLAGE",NA,39,223975.720789074,0.571539627371274,0,25.13368984,12.70053476,60.42780749,0.605252955082742
"STRATFORD",420,48,328987.951807229,0.564573247259038,0.417469493,54.49582531,28.19524727,15.54271034,0.598931152073733
"STRATTON PARK",468,16,262036.039453718,0.521825978589884,1.660735469,68.56465006,26.09727165,3.677342823,0.587777369614512
"SUMMER MEADOW",421,30,358050.075872534,0.543240969812193,2.077431539,60.90651558,16.52502361,13.78659112,0.571479803312629
"SUMMER MEADOW TOWNS",421,18,277937.5,0.509443229002616,2.077431539,60.90651558,16.52502361,13.78659112,0.522947481773546
"SUN RIDGE POINTE",410,18,208210.843373494,0.439400859877778,6.597845601,43.85098743,15.66427289,29.08438061,0.477082860520095
"SWANNS MILL",425,43,379250,0.494323824673029,3.907563025,82.10084034,4.663865546,9.327731092,0.541298196948682
"SWANNS MILL TOWNS",425,30,281319.277108434,0.493265194805195,3.907563025,82.10084034,4.663865546,9.327731092,0.567719583333333
"SYKES PROPERTY",NA,80,661893.75,0.761594855719684,11.81364393,21.21464226,4.076539101,61.64725458,0.770825155724673
"TANGLEWOOD",NA,19,307500,0.544572966799902,0.958627649,42.83551968,18.56710394,36.02421796,0.610613333333333
"TAYLOR ESTATES",426,38,308556.885432473,0.561577662194334,0,21.01865136,0,72.30989957,0.565096794871795
"TERRACES AT MOREHEAD HILL",NA,13,978072.289156626,0.579351860064055,2.336448598,32.57676903,6.608811749,56.00801068,0.594469279661017
"THAXTON",427,32,335320.812841655,0.547277548195883,14.86199575,3.609341826,2.229299363,71.23142251,0.601402787493313
"THE BARTLETT CONDOS",298,9,745903.614457831,0.80006243902439,5.31358885,8.536585366,3.135888502,65.67944251,0.817102173913044
"THE BRANNAN",270,6,722093.076402728,0.694863152868531,3.223443223,9.377289377,6.373626374,74.72527473,0.777305521036748
"THE GROVE TWNHMS",365,13,690850,0.784353392796064,2.336448598,32.57676903,6.608811749,56.00801068,0.930973293768546
"THE HILLS AT SOUTHPOINT",429,32,807789.833080425,0.63004323929197,9.922113105,19.77649848,1.896376566,62.71588215,0.680078125
"THE HILLS AT SOUTHPOINT",NA,11,999375,0.594655696202532,9.922113105,19.77649848,1.896376566,62.71588215,0.680078125
"THE POINT AT STRATFORD",420,7,401911.987860395,0.841347204161248,0.417469493,54.49582531,28.19524727,15.54271034,0.98483064516129
"THE RESERVE",305,9,675000,0.538959715716362,20.94517958,7.069943289,1.890359168,65.86011342,0.547764790764791
"THE TOWNS",431,25,371000,0.660419017798286,11.81364393,21.21464226,4.076539101,61.64725458,0.66545641025641
"THE VALLEY",NA,14,754457.51138088,0.520496652713689,4.024496938,14.17322835,10.93613298,69.37882765,0.573496375661376
"THE VILLAGE TOWNS",468,59,321084.337349398,0.57731429174484,1.245640259,75.08719482,19.03338316,2.939711011,0.622494736842105
"THE VILLAGES",468,5,427420.33383915,0.468505066666667,1.245640259,75.08719482,19.03338316,2.939711011,0.582965333333333
"THOMPSON RIDGE",NA,78,393896.385542169,0.631651720262972,5.090595341,10.00862813,5.522001726,77.82571182,0.686284705882353
"TIMBERLEAF",NA,26,401948.192771084,0.600145057072217,0,1.08401084,28.18428184,48.23848238,0.615148683499023
"TOWNES AT COURTNEY CREEK",310,28,466375,0.649494942184682,2.423018677,49.01564866,30.18677436,17.74356386,0.651116746010588
"TOWNES AT COURTNEY CREEK",NA,144,378225,0.645837332587552,2.423018677,49.01564866,30.18677436,17.74356386,0.651116746010588
"TOWNHOME COMMUNITY",NA,90,404750,0.749996270102693,2.912621359,13.03744799,2.357836338,75.17337032,0.747984724938837
"TOWNHOMES",297,11,335963.581183612,0.60407791053619,10.07462687,2.686567164,0,87.23880597,0.598109090909091
"TOWNHOMES",336,12,282018.072289157,0.515836434063021,7.236842105,5.263157895,0,84.64912281,0.598109090909091
"TOWNHOMES",337,37,276626.506024096,0.532450527590382,7.28250998518919,5.89660132945946,0.0610780271891892,83.9126905702703,0.598109090909091
"TOWNHOMES",338,10,314810.318664643,0.514982218806692,6.588579795,46.41288433,0,46.99853587,0.598109090909091
"TOWNHOMES",460,125,320000,0.508449107420861,5.991458459608,8.47027247988,3.269172070352,80.26400818232,0.598109090909091
"TOWNHOMES",463,20,307376.506024096,0.524559659702376,5.501330967,8.42945874,7.808340728,77.01863354,0.598109090909091
"TOWNHOMES",464,15,345937.5,0.604513821138212,16.81547619,24.35515873,28.67063492,30.15873016,0.598109090909091
"TOWNHOMES",NA,131,471253.012048193,0.601317314392924,12.4758430971298,29.9570235991603,9.74074039067176,44.9018454835878,0.598109090909091
"TOWNHOUSE",NA,13,424819.277108434,0.622716562677255,12.4201278,41.33386581,7.068690096,34.94408946,0.63720243902439
"TRENTON",NA,9,805000,0.625847588237432,0,25.96491228,26.9005848,44.09356725,0.72345035971223
"TREYBURN",432,96,678312.5,0.646896032713899,0.790300546479167,13.1869088127083,6.89976519066667,77.0415780142708,0.721236760144466
"TREYBURN CC VIL TWNHMS",432,5,660000,0.707578787878788,0,14.42041043,5.823627288,78.86855241,0.707578787878788
"TREYBURN I8 TWNHMS",432,8,511411.229135053,0.619326601232952,0,14.42041043,5.823627288,78.86855241,0.664105989336493
"TREYBURN LOBLOLLY",432,35,492000,0.600699873142009,0,14.42041043,5.823627288,78.86855241,0.639418319169027
"TRILOGY AT BRIER CREEK",NA,43,467860.394537178,0.519215652439024,7.96812749,44.09030544,2.921646746,41.03585657,0.575125842696629
"TRINITY HEIGHTS",434,21,845625,0.601532036391793,0.616740088,0.176211454,8.986784141,72.95154185,0.636390804597701
"TRINITY PARK",435,141,684370.257966616,0.6014521894639,2.84470120915603,6.37649804643972,15.0810959460709,69.1781949385816,0.6678
"TRINITY PLACE TWNHMS/LOFT",445,8,582959.028831563,0.680712011914128,3.223443223,9.377289377,6.373626374,74.72527473,0.771702359132565
"TRIPLE CROWN - WAKE FOREST HWY - AG EHC (LEN) MULTI STATE 2 LLC",NA,28,459500,0.466754411917764,0,0,7.530647986,92.46935201,0.466754411917764
"TRIPLE CROWN - WAKE FOREST HWY - AG EHC (LEN) MULTI STATE 2 LLC - TOWNHOMES",NA,25,354000,0.513168316831683,0,0,7.530647986,92.46935201,0.513168316831683
"TROTTER RIDGE",436,16,482169.95447648,0.574021624607256,5.809698079,22.64409881,0,70.3568161,0.668408392181589
"TURNAGE HEIGHTS",NA,26,369132.207890744,0.55941294700165,10.0533548796923,39.3072464330769,15.2383833784615,32.1446869753846,0.579568570448504
"TYNDRUM",240,7,1101875,0.544743278502552,10.9975326,12.19598167,0,70.46175538,0.608656888888889
"UMSTEAD & STERLING",368,5,367071.320182094,0.46159940872136,1.7868960954,6.1510570022,4.4829476928,83.659019098,0.600115588303016
"UMSTEAD & STERLING",NA,8,461638.846737481,0.501277384341319,0.311302682,5.078527675,9.375355520375,61.994512625,0.600115588303016
"UMSTEAD GROVE TOWNHOUSES - M/I HOMES OF RALEIGH LLC",NA,22,529500,0.83716515127904,0,0,9.262166405,62.95133438,0.831540447461036
"VALLEY CREST TOWNHOMES",NA,7,584825.493171472,0.663643988018828,5.82010582,23.28042328,6.084656085,54.4973545,0.81956170212766
"VALLEY RAN",440,20,394625,0.553015001226521,4.024496938,14.17322835,10.93613298,69.37882765,0.574441558441558
"VALLEY SPRINGS",368,6,815165.857359636,0.646598014194322,0.992720053,7.648629087,5.22141403466667,83.83937553,0.649729487179487
"VALLEY SPRINGS",NA,5,770602.409638554,0.657653017510944,0,9.520594193,6.144496962,84.06482107,0.649729487179487
"VANTAGE POINTE",442,23,396168.674698795,0.531766829268293,2.502606882,30.03128259,0,60.58394161,0.5616875
"VILLAGE GREEN",381,69,360849.772382398,0.646784390243902,0,11.23809524,10.95238095,47.23809524,0.665735634920635
"VILLAGE GREEN",405,5,317298.937784522,0.783018694404591,1.077996195,21.68674699,36.08116677,41.15409004,0.665735634920635
"VILLAGE HEARTH COHOUSING",312,11,415000,0.740331182795699,0,61.07544141,3.451043339,28.81219904,0.773624685138539
"VILLAGES AT CORNWALLIS",NA,6,269595.59939302,0.52606216014802,3.33424954166667,57.9801332383333,10.127126731,25.5872548216667,0.583503162055336
"VLGS @ CORNWALLIS",NA,13,196600.91047041,0.489560975609756,0,95.77384352,0,4.226156482,0.50635
"VLGS @ CULP ARBOR_",NA,9,617469.879518072,0.663460304878049,7.371167645,11.2198304,6.196999348,74.36399217,0.764126923076923
"VLGS AT CORNWALLIS",232,24,357116.84370258,0.521684181766392,3.33424954166667,57.9801332383333,10.127126731,25.5872548216667,0.578878048780488
"VLGS AT CORNWALLIS",NA,7,335963.581183612,0.546297308039747,2.40795802571429,55.0627161285714,11.3200380791429,21.9893868357143,0.578878048780488
"W CHAPEL HILL RD",265,18,580421.686746988,0.500244718641115,2.705223881,19.7761194,8.02238806,65.29850746,0.596739460784314
"W CHAPEL HILL RD",365,23,485084.337349398,0.596770588235294,2.25646062821739,37.2630927778261,5.79262021856522,51.7919590604348,0.596739460784314
"W CHAPEL HILL RD",451,30,410978.75569044,0.599025972661771,1.968503937,54.13385827,2.854330709,36.61417323,0.596739460784314
"WAKE FOREST/HWY & SHARRON",332,19,333927.710843373,0.503333729922665,1.89765497021053,41.4884582121053,12.7739715734737,42.4962092710526,0.558291803278689
"WAKE FOREST/HWY & SHARRON",373,14,345416.445371775,0.488609813305799,2.317198764,38.46549949,12.35839341,44.6961895,0.558291803278689
"WAKE FOREST/HWY & SHARRON",NA,59,317750,0.526248905565979,6.09935031213559,30.5999898694915,22.1595184407797,40.205567639322,0.558291803278689
"WALDEN POND",443,37,246000,0.503951772937502,12.4201278,41.33386581,7.068690096,34.94408946,0.550770186335404
"WALL TOWN",435,7,519499.241274659,0.642395726875652,0.515271128,33.9563135797143,3.69785152671429,55.3143645785714,0.626116814159292
"WALL TOWN",444,62,432633.691061667,0.57044449642404,0.656712154725806,33.2850022470968,8.99118364037097,49.5970517956452,0.626116814159292
"WALSENBURG",NA,17,353112.5,0.614634146341464,0,33.20407174,1.793504605,58.84634028,0.607490384615385
"WARREN PARK",447,36,404637.803490137,0.640057584575265,2.06154171688889,0.896182224888889,10.1794429127778,85.2087994922222,0.668108667667882
"WATERFORD",276,7,585000,0.599364102564103,0,6.848112379,3.511852502,84.98683055,0.603629032258065
"WATERFORD",277,7,642168.674698795,0.531231144465291,0,12.47443763,0,87.52556237,0.603629032258065
"WATERFORD",381,9,292125,0.591744739467849,0.559862187777778,38.0265780733333,14.2992494166667,33.0102128733333,0.603629032258065
"WATERFORD",446,14,586812.5,0.546393150670615,0,12.47443763,0,87.52556237,0.603629032258065
"WATTS HILLANDALE",447,85,620125,0.575213726903178,2.83709380971765,4.57942318262353,10.8276429638824,78.4960092462353,0.628942168674699
"WELDON DOWNS TOWNHOMES",461,23,375781.487101669,0.555242894056848,6.157965194,26.17135207,2.008032129,63.58768407,0.583605333333333
"WELLINGTON",355,25,348406.676783005,0.60020025673941,0,1.925254813,32.27633069,61.49490374,0.615205263157895
"WELLINGTON FOREST",449,18,594378.942172331,0.553401965884357,16.81547619,24.35515873,28.67063492,30.15873016,0.614800637404027
"WELLONS VILLAGE",NA,46,299200,0.522985848205255,0,31.6191660230435,49.0080202591304,5.75656962082609,0.560176351351351
"WEST BRIER TOWNHOMES",NA,74,389734.446130501,0.651458165410728,9.66313365554054,35.096426315,1.95435222133784,47.7264002531081,0.759661972359026
"WESTGATE",454,17,227228.915662651,0.524914736340101,22.3880597,32.46268657,3.731343284,29.85074627,0.575194285714286
"WESTGATE CONDOS",454,5,269575,0.47109709728276,22.3880597,32.46268657,3.731343284,29.85074627,0.482874524714829
"WESTON DOWN",NA,15,691566.265060241,0.615712508710801,7.371167645,11.2198304,6.196999348,74.36399217,0.60964121037464
"WESTWOOD ESTATES",455,31,474216.86746988,0.548690697674419,0,7.9370785566129,2.83213911451613,85.4781979990322,0.568607683352736
"WEXFORD/MAYFAIR ESTATES",NA,15,746585.735963581,0.610607595207531,0.5825242718,2.607489598,6.4960856564,89.010155672,0.646428391959799
"WHEATLAND CONDOS",435,6,1318968.13353566,0.832441835377166,2.480916031,7.951653944,8.905852417,69.91094148,0.95261737704918
"WHITE OAK/POPE",NA,7,527875,0.552572219339215,0,20.25316456,4.068716094,70.70524412,0.6282825
"WHITNEY PARK @ SPRING HIL",456,7,360849.772382398,0.612684327165685,2.011680727,66.32057106,3.958468527,26.47631408,0.70051875
"WHITNEY PARK TOWNHOMES",294,16,278298.07850522,0.56016365385563,2.011680727,66.32057106,3.958468527,26.47631408,0.566995520919635
"WILLIOW HILL",457,24,382680.722891566,0.580099613420923,0,56.41025641,6.666666667,34.65201465,0.643106944444444
"WILLOW HAVEN",348,8,510166.919575114,0.525470754936121,0,24.7439807125,16.325922565,57.05591192,0.577856899488927
"WILLOW RIDGE",NA,7,435508.345978756,0.518319655667145,0,24.7647352942857,14.9213711028571,58.4295094057143,0.582171428571429
"WINDERMERE RIDGE",NA,6,279374.051593323,0.590391137287509,0,61.07544141,3.451043339,28.81219904,0.702734090909091
"WINDSOR COMMONS TOWNHOMES",NA,8,674277.108433735,0.664214259313264,0,41.46505376,27.62096774,30.91397849,0.759761296551724
"WINDSOR HILLS",371,49,330000,0.566717148217636,0,28.1996419904082,50.1983241934694,19.7328523269388,0.579888392857143
"WINSFORD AT THE PARK",NA,52,407530.120481928,0.599652490691344,21.79824561,39.69298246,0,37.93859649,0.63007344239226
"WINTON RD",296,5,690591.805766313,0.640980672379697,0,5.555555556,42.85714286,48.73015873,0.710608895705521
"WOLF LAUREL",NA,5,335341.426403642,0.520698747528016,3.432137285,9.984399376,0,86.58346334,0.624286956521739
"WOOD LAKE",461,109,475000,0.544552144823005,6.157965194,26.17135207,2.008032129,63.58768407,0.5921525
"WOODCHAPEL",NA,9,515144.157814871,0.540887591759413,0,38.58490566,24.62264151,32.83018868,0.623610869565217
"WOODCREST",NA,32,440375,0.521889828706675,21.55207077,39.20386007,9.288299156,28.58866104,0.53738
"WOODCREST HEMMINGWOOD",461,10,369833.584337349,0.567222401289283,6.157965194,26.17135207,2.008032129,63.58768407,0.601831630824373
"WOODCROFT",460,120,452568.607738998,0.518802736093318,4.3524170668,17.012323124,4.97796702788333,72.09893984875,0.56829060596276
"WOODCROFT",NA,20,579301.972685888,0.553658586406326,9.5723598428,28.176031802,2.0338983054,57.461773566,0.56829060596276
"WOODCROFT TOWNHOMES",338,24,273440.819423369,0.554220260622795,0,27.13833157,1.16156283,70.64413939,0.618064305084746
"WYNDMOOR AT THE PARK",NA,23,428450,0.598558327120389,21.79824561,39.69298246,0,37.93859649,0.640754672897196
"WYNTERFIELD",466,72,324260.242792109,0.558057577968395,2.423018677,49.01564866,30.18677436,17.74356386,0.584467376160991
