"VCS_block","VCS_COUNT","VCS_MED_ADJ_SALES_PRICE","VCS_MED_ADJ_SALES_RATIO","VCS_PERCENT_ASIAN","VCS_PERCENT_BLACK","VCS_PERCENT_HISPANIC","VCS_PERCENT_WHITE","VCS_MED_SALES_RATIO"
"C738D",8,304855.842185129,0.580579066442389,2.652197643375,16.62580554125,32.66956652,39.317581785,0.611723981143552
"C831C",13,212409.638554217,0.397278354854137,1.88267517507692,53.6025550261538,26.7634561846154,15.1966060805385,0.494337254901961
"C832L",5,232685.887708649,0.573820231707317,0,26.38504155,51.10803324,21.32963989,0.588142857142857
"D708A",19,311077.389984826,0.570633351436753,16.01343785,4.479283315,1.511758119,74.41209406,0.664825925925926
"D709B",9,292412.746585736,0.490627118644068,0,25.96491228,26.9005848,44.09356725,0.579829181494662
"D709C",9,617469.879518072,0.663460304878049,7.371167645,11.2198304,6.196999348,74.36399217,0.764126923076923
"D718A",31,656987.951807229,0.61620597206522,8.610086101,21.52521525,0,68.94218942,0.692251063829787
"D718B",44,194237.5,0.596395,2.011680727,66.32057106,3.958468527,26.47631408,0.662648756756757
"D719A",39,194750,0.437489088575096,5.501330967,8.42945874,7.808340728,77.01863354,0.468495238095238
"D739A",13,196600.91047041,0.489560975609756,0,95.77384352,0,4.226156482,0.50635
"D747A",46,271442.242033384,0.623466906159126,34.10672854,30.9579052,1.491547895,31.15677826,0.726937585929828
"D798A",12,1096547.79969651,0.715284824119241,0.61462815,2.274124155,0,87.95328826,0.763093333333333
"D798C",23,584825.493171472,0.731027648298705,0.61462815,2.274124155,0,87.95328826,0.755499241274659
"D798D",5,450000,0.668322824581958,0.61462815,2.274124155,0,87.95328826,0.661635555555556
"D798E",39,497125,0.746246919788786,0.61462815,2.274124155,0,87.95328826,0.800840425531915
"D798F",41,471500,0.754683202671313,0.61462815,2.274124155,0,87.95328826,0.801389743589744
"D798G",29,269710.843373494,0.571115100242625,16.01343785,4.479283315,1.511758119,74.41209406,0.644114624505929
"D798H",79,281566.265060241,0.517360269360269,16.01343785,4.479283315,1.511758119,74.41209406,0.543916363636364
"D802A",16,422562.5,0.503729132791328,6.420545746,3.531300161,0,85.71428571,0.516322361111111
"D810A",5,269575,0.47109709728276,22.3880597,32.46268657,3.731343284,29.85074627,0.482874524714829
"D811A",10,237800,0.480539949879897,14.40329218,1.783264746,3.223593964,76.54320988,0.488521934460888
"D812B",9,330000,0.529490909090909,10.77981651,42.66055046,17.66055046,27.06422018,0.557841935483871
"D812D",8,385735.963581184,0.62982398163723,35.95419847,10.15267176,10.61068702,41.3740458,0.745228849590469
"D821C",11,625000,0.7126128,3.223443223,9.377289377,6.373626374,74.72527473,0.77626968973747
"D821E",6,183535.660091047,0.664546814269694,0,26.24179944,28.39737582,28.49109653,0.812886666666667
"D821I",6,722093.076402728,0.694863152868531,3.223443223,9.377289377,6.373626374,74.72527473,0.777305521036748
"D821J",9,745903.614457831,0.80006243902439,5.31358885,8.536585366,3.135888502,65.67944251,0.817102173913044
"D821K",68,802463.855421687,0.987873655761586,3.223443223,9.377289377,6.373626374,74.72527473,0.975971563523495
"D821S",43,390713.201820941,0.774066871264739,2.336448598,32.57676903,6.608811749,56.00801068,0.919187692307692
"D822A",50,164000,0.678506738544474,1.254064097,42.63817928,29.07570831,15.09521598,0.678506738544474
"D822C",39,248963.855421687,0.48528518902439,2.480916031,7.951653944,8.905852417,69.91094148,0.527375545851528
"D822I",26,427731.411229135,0.793076884097368,5.31358885,8.536585366,3.135888502,65.67944251,0.840456412529551
"D822L",6,1318968.13353566,0.832441835377166,2.480916031,7.951653944,8.905852417,69.91094148,0.95261737704918
"D822U",23,426400,0.95854883151342,12.82431431,6.152705708,10.15567087,61.00815419,0.982512552301255
"D831D",5,373292.867981791,0.664642424242424,3.223443223,9.377289377,6.373626374,74.72527473,0.731106666666667
"D831K",25,368012.048192771,0.909188492184174,3.223443223,9.377289377,6.373626374,74.72527473,0.9312
"D834V",11,415000,0.740331182795699,0,61.07544141,3.451043339,28.81219904,0.773624685138539
"D840A",14,130255.271084337,0.470156104605089,0,15.98101266,67.7742616,14.50421941,0.481910007220217
"D841A",10,71547.7996965099,0.397605339419582,0,30.72143597,55.36762168,10.52813255,0.494744124922696
"R707B",18,730350,0.679865490918526,16.01343785,4.479283315,1.511758119,74.41209406,0.716875387931035
"R707D",82,738231.25,0.562666160729953,20.94517958,7.069943289,1.890359168,65.86011342,0.57436219832736
"R707F",6,526825.301204819,0.590415016013797,15.4331309533333,7.77548942366667,1.67411674,69.6789490666667,0.630488599695586
"R707U",20,852500,0.475286861092996,20.94517958,7.069943289,1.890359168,65.86011342,0.469560513368984
"R708A",44,591358.118361153,0.600354635249972,10.8844647309091,2.93102845731818,0.206148834409091,85.4897088913636,0.627953672316384
"R708C",54,575798.62698137,0.608132012593464,10.07462687,2.686567164,0,87.23880597,0.677653684934599
"R708D",9,472837.632776935,0.86855607830552,7.371167645,11.2198304,6.196999348,74.36399217,0.93659649122807
"R708F",15,925000,0.662834594594595,8.610086101,21.52521525,0,68.94218942,0.668860606060606
"R708G",7,527875,0.552572219339215,0,20.25316456,4.068716094,70.70524412,0.6282825
"R708R",16,593870.068285281,0.636628006288774,7.371167645,11.2198304,6.196999348,74.36399217,0.73772358490566
"R709A",14,818133.535660091,0.618469401870487,0.61462815,2.274124155,0,87.95328826,0.659063974358974
"R709B",12,1355250,0.47375734052892,0.61462815,2.274124155,0,87.95328826,0.527479512452512
"R709C",15,691566.265060241,0.615712508710801,7.371167645,11.2198304,6.196999348,74.36399217,0.60964121037464
"R709D",17,441729.893778452,0.633530942132951,7.371167645,11.2198304,6.196999348,74.36399217,0.662039024390244
"R709E",14,404700.303490137,0.53132400362145,7.371167645,11.2198304,6.196999348,74.36399217,0.581195607043559
"R709F",13,393201.820940819,0.665976291047827,0.446899852230769,25.70946509,24.8313090461538,46.1138171615385,0.684658227848101
"R709G",12,721312.5,0.552374957880069,0,25.96491228,26.9005848,44.09356725,0.603299235598963
"R709H",9,805000,0.625847588237432,0,25.96491228,26.9005848,44.09356725,0.72345035971223
"R709I",8,601623.672230653,0.627663432607721,5.809698079,22.64409881,0,70.3568161,0.701827088840363
"R709J",5,690591.805766313,0.556337644817073,5.809698079,22.64409881,0,70.3568161,0.69225625
"R709K",13,605000,0.525703703703704,5.809698079,22.64409881,0,70.3568161,0.59930297029703
"R709L",28,777178.463855422,0.640566288547799,5.809698079,22.64409881,0,70.3568161,0.695289988306274
"R709M",16,482169.95447648,0.574021624607256,5.809698079,22.64409881,0,70.3568161,0.668408392181589
"R709P",8,937500,0.290490811965812,5.809698079,22.64409881,0,70.3568161,0.290490811965812
"R709Q",6,633577.389984826,0.611201033192846,5.809698079,22.64409881,0,70.3568161,0.664191966893866
"R709R",21,466313.253012048,0.622542277525896,5.20259627571429,18.8390111204762,5.11962662380952,61.6296096819048,0.638105834464043
"R709S",6,1153000,0.451733532934132,0,25.96491228,26.9005848,44.09356725,0.451733532934132
"R717B",9,1877108.43373494,0.635423913043478,20.94517958,7.069943289,1.890359168,65.86011342,0.71826125
"R717C",46,719673.653262519,0.575108336646166,9.922113105,19.77649848,1.896376566,62.71588215,0.606360896925859
"R717D",43,838450,0.614473705124692,9.922113105,19.77649848,1.896376566,62.71588215,0.680078125
"R717F",38,627754.172989378,0.562882247205285,20.94517958,7.069943289,1.890359168,65.86011342,0.617778701955121
"R717G",69,560000,0.561185642444053,20.94517958,7.069943289,1.890359168,65.86011342,0.5842
"R717H",10,706533.13253012,0.567569127660043,9.922113105,19.77649848,1.896376566,62.71588215,0.637456124342716
"R717J",12,764736.445783132,0.61711768993552,9.922113105,19.77649848,1.896376566,62.71588215,0.64281611423679
"R717K",59,752807.283763278,0.780123918926184,9.922113105,19.77649848,1.896376566,62.71588215,0.965953138075314
"R718A",9,675000,0.538959715716362,20.94517958,7.069943289,1.890359168,65.86011342,0.547764790764791
"R718B",30,549875.948406677,0.547197548093439,12.67710664,8.128262491,1.565995526,71.58836689,0.582647160282066
"R718C",8,435250.489057901,0.553537638580931,12.155584526,26.07789913,1.129943503,57.70434807,0.570507361111111
"R718D",101,491502.276176024,0.557982237248115,4.94242908078218,22.5371338619802,3.30206654516832,67.3008073773267,0.595637931034483
"R718E",13,435625,0.564508562532434,6.272273699,40.62722737,12.40199572,27.44119743,0.593694117647059
"R718F",29,416843.702579666,0.526735505311258,6.272273699,40.62722737,12.40199572,27.44119743,0.585837837837838
"R718G",7,360849.772382398,0.612684327165685,2.011680727,66.32057106,3.958468527,26.47631408,0.70051875
"R718H",19,442352.048558422,0.63784578313253,12.67710664,8.128262491,1.565995526,71.58836689,0.690145
"R718I",7,461250,0.554382294096854,15.38461538,23.45523329,0,58.0075662,0.629995555555556
"R718J",6,533524.84939759,0.712547965313436,8.926553672,28.70056497,2.259887006,57.40112994,0.759035297619048
"R718K",6,428463.220789074,0.67736798996508,8.926553672,28.70056497,2.259887006,57.40112994,0.73942378775284
"R719A",33,543763.277693475,0.558886064301552,5.82010582,23.28042328,6.084656085,54.4973545,0.59980888030888
"R719B",12,507056.145675266,0.596458292756155,6.588579795,46.41288433,0,46.99853587,0.682268860560966
"R719C",33,1219750,0.533998213414634,3.072870939,0,3.248463565,85.95258999,0.59342
"R719D",8,485280.728376328,0.581619245547813,1.152326602125,16.96145723125,1.944150605625,76.384808365,0.644648346275525
"R719E",26,1181047.04097117,0.584077228043486,2.43252534419231,0.460223537038461,3.02106656973077,88.1094206261538,0.61388024600939
"R719F",91,1081375,0.558686350021395,0.858700732164835,10.8452384495055,2.51281766372527,83.7744816697802,0.61345641025641
"R719G",24,453674.515969797,0.555022766189689,1.963439404,39.47190251,3.588354773,46.58090724,0.614709070294785
"R719H",12,532253.414264036,0.593407662617777,0,27.13833157,1.16156283,70.64413939,0.706361759540696
"R719I",22,359799.886191199,0.517866535375893,5.501330967,8.42945874,7.808340728,77.01863354,0.589348629385965
"R719J",26,473281.25,0.530202099131528,1.963439404,39.47190251,3.588354773,46.58090724,0.550856901646264
"R719K",16,539113.232901256,0.506415298226164,1.405975395,7.029876977,6.590509666,79.61335677,0.539109021449668
"R719L",25,643308.042488619,0.557213093709885,3.51126616552,35.16839522792,3.4252681238,49.5389690724,0.580637209302326
"R727A",13,436130.500758725,0.7058326271777,12.0211124093846,20.1924800098462,3.83084730938462,59.2165511169231,0.814785897435897
"R727B",65,581714.719271624,0.596993939393939,5.21148549844616,39.6340120476923,1.83217122683077,46.7230265307692,0.628120388349515
"R727C",30,493251.138088012,0.547455585699173,8.01618270766667,33.529854836,1.17012111626667,53.879063546,0.604125076551168
"R727D",64,622154.779969651,0.585810882500333,9.28358441129688,26.5342547904688,1.55194949267188,57.6767032870313,0.623633548219927
"R727E",27,659484.06676783,0.558106086956522,4.08711604274074,48.3003764025926,1.49263536566667,40.1328582651852,0.607468120805369
"R727F",61,497125,0.555578576816696,0.72815534,17.31391586,3.478964401,71.60194175,0.589085255767302
"R727G",188,385735.963581184,0.544451266773019,2.73983628917021,22.166272403617,7.69697226764894,60.1010796579787,0.582903570679373
"R727I",7,410000,0.655524390243903,5.98184549142857,18.7211059285714,2.57462849528571,66.5241934071429,0.6719125
"R727K",5,563000,0.545338769458858,10.6397836908,31.189114538,6.6055866792,48.51540616,0.610911602209945
"R728B",12,652455.216922317,0.535148380217779,11.783785409,27.924252605,19.904563395,38.51455483,0.5969175
"R728C",23,484096.385542169,0.5447131242741,16.81547619,24.35515873,28.67063492,30.15873016,0.562057761732852
"R728D",18,594378.942172331,0.553401965884357,16.81547619,24.35515873,28.67063492,30.15873016,0.614800637404027
"R729A",111,477000,0.544934009317621,6.1600248067027,26.4318182916216,2.19531075226126,62.9363960224324,0.5921525
"R729B",45,389500,0.540288,10.0776329571111,4.82553210191111,3.77995191517778,74.2116658024444,0.564502127659574
"R729C",25,670000,0.550910236220472,1.405975395,7.029876977,6.590509666,79.61335677,0.579957100591716
"R729D",203,467795.180722892,0.547870097560976,7.21569360129064,26.5124829770936,5.3586092149064,58.4478391718227,0.602141176470588
"R729E",13,484096.385542169,0.540908411214953,21.55207077,39.20386007,9.288299156,28.58866104,0.574049504950495
"R729G",13,385735.963581184,0.516918073796123,21.55207077,39.20386007,9.288299156,28.58866104,0.521564803804994
"R729H",13,480000,0.53881915956509,21.55207077,39.20386007,9.288299156,28.58866104,0.555063157894737
"R729I",27,350722.891566265,0.585965714285714,12.5052403449259,38.891856630037,9.22946468385185,35.4201659396296,0.639593333333333
"R729J",62,294687.5,0.549238680065255,0.417469493,54.49582531,28.19524727,15.54271034,0.60237393383056
"R729K",11,497723.823975721,0.561521317073171,0,79.76625274,6.939371804,13.29437546,0.576528155339806
"R729L",10,531360.617469879,0.538734091864412,2.52293578,42.35474006,16.13149847,36.16207951,0.556941831775701
"R729M",109,388475,0.54312131664776,2.81709184763303,53.8720315342202,12.2152942922385,29.6705544755046,0.60805
"R729N",14,414062.745671609,0.506207259087003,0.417469493,54.49582531,28.19524727,15.54271034,0.526067496476523
"R729O",32,440375,0.521889828706675,21.55207077,39.20386007,9.288299156,28.58866104,0.53738
"R729P",8,313610.984149039,0.62224537652439,0,79.76625274,6.939371804,13.29437546,0.713572440586396
"R729Q",7,425000,0.547009411764706,6.157965194,26.17135207,2.008032129,63.58768407,0.562048192771084
"R729R",10,369833.584337349,0.567222401289283,6.157965194,26.17135207,2.008032129,63.58768407,0.601831630824373
"R729S",31,394446.130500759,0.760888757506116,2.32172471,64.59369818,7.711442786,11.35986733,0.946781155015198
"R738A",43,452537.5,0.558378590078329,1.861832435,31.50416463,5.634492896,55.41401274,0.584133333333333
"R738B",32,424220.125189681,0.527102697767601,1.861832435,31.50416463,5.634492896,55.41401274,0.576265855614973
"R739A",7,367071.320182094,0.51289144605503,0,95.77384352,0,4.226156482,0.604935593220339
"R739B",69,297250,0.594016673018293,14.5333407554348,32.4686820576812,12.6880162254493,37.102688915942,0.642969072164948
"R739C",23,428450,0.598558327120389,21.79824561,39.69298246,0,37.93859649,0.640754672897196
"R739D",35,335963.581183612,0.530665935872842,3.03327411485714,58.1524858097143,10.0896308354857,23.2416940825714,0.578878048780488
"R739E",23,461000,0.549789119560887,2.38296286173913,57.8253196217391,10.2740684289565,18.9083666891304,0.554841860465116
"R747A",37,510771.084337349,0.549184866962306,34.10672854,30.9579052,1.491547895,31.15677826,0.568370833333333
"R747D",11,635500,0.572150776053215,16.47244094,26.77165354,10.67716535,43.46456693,0.642603225806452
"R747E",26,549126.506024096,0.592745271164021,16.47244094,26.77165354,10.67716535,43.46456693,0.619721196172249
"R748A",132,587261.641406293,0.614151477443258,10.24868124,31.98944989,1.620195931,50.03767898,0.629990029411765
"R749B",12,452660.375569044,0.572192807880427,10.24868124,31.98944989,1.620195931,50.03767898,0.63032178392181
"R749C",49,414939.759036145,0.54419917728431,10.24868124,31.98944989,1.620195931,50.03767898,0.589301298701299
"R757A",6,301745.068285281,0.743439297670288,11.2859745233333,31.119817165,3.12969083416667,48.942160305,0.842586834733894
"R758A",26,626493.550834598,0.672048726078799,7.96812749,44.09030544,2.921646746,41.03585657,0.712114514928459
"R759A",9,515144.157814871,0.540887591759413,0,38.58490566,24.62264151,32.83018868,0.623610869565217
"R759B",20,494861.91198786,0.533980046122577,10.24868124,31.98944989,1.620195931,50.03767898,0.568716313275522
"R759C",33,495235.204855842,0.550997222222222,4.281891169,21.67707404,2.943800178,61.46297948,0.587322645290581
"R759D",37,394446.130500759,0.567443771639609,4.281891169,21.67707404,2.943800178,61.46297948,0.635893150684931
"R759E",34,372000,0.549622104381276,3.91861341529412,39.8171047723529,4.453919068,43.7662128844118,0.587935135135135
"R759F",15,381812.5,0.503422764227642,10.24868124,31.98944989,1.620195931,50.03767898,0.516008333333333
"R759G",30,433407.018209408,0.59872234423766,0,44.66279589,6.208128629,39.88387673,0.620078772231784
"R769A",52,404637.803490137,0.653094033615868,5.23220926584615,13.7683342343077,4.14589135678846,73.4626797369231,0.662752222222222
"R769B",80,661893.75,0.761594855719684,11.81364393,21.21464226,4.076539101,61.64725458,0.770825155724673
"R769C",221,591047.040971168,0.636827428571429,2.031694433,4.794798862,14.38439659,78.78911012,0.683292857142857
"R769D",236,414939.759036145,0.757638615473613,2.912621359,13.03744799,2.357836338,75.17337032,0.760684915899534
"R769E",26,702439.301972686,0.816982764227642,2.031694433,4.794798862,14.38439659,78.78911012,0.948366006441224
"R769M",24,628257.078313253,0.586472506755683,11.81364393,21.21464226,4.076539101,61.64725458,0.608804399554083
"R769N",45,511475,0.83480325203252,11.81364393,21.21464226,4.076539101,61.64725458,0.881420841683367
"R779A",36,385367.981790592,0.520505508768332,11.5663933030278,20.9874979747222,4.02879735758333,62.0229800172222,0.564290010074552
"R779B",24,458875,0.530289522142306,11.81364393,21.21464226,4.076539101,61.64725458,0.56645
"R779C",36,453861.91198786,0.535250454423951,11.81364393,21.21464226,4.076539101,61.64725458,0.578852363977486
"R779H",23,523614.457831325,0.607632825203252,11.81364393,21.21464226,4.076539101,61.64725458,0.70108138238573
"R797A",15,750000,0.667878819512195,16.01343785,4.479283315,1.511758119,74.41209406,0.673360248447205
"R798B",6,321762.5,0.553656594206667,16.01343785,4.479283315,1.511758119,74.41209406,0.553656594206667
"R798C",8,1138750,0.701254129031736,0.61462815,2.274124155,0,87.95328826,0.728121535837794
"R798E",44,1272112.1016692,0.615902112301708,0.61462815,2.274124155,0,87.95328826,0.651200516934046
"R799A",20,544248.103186646,0.441378610841648,0,20.25316456,4.068716094,70.70524412,0.516979122621565
"R800A",15,460394.537177542,0.579438254172015,14.19753086,20.37037037,0.396825397,53.92416226,0.624768374164811
"R800B",67,527875,0.596261535278746,11.2314354333134,10.9405514788358,0.468556687432836,71.884525279403,0.630376315789474
"R800C",32,666558.734939759,0.548339656432974,9.47224993109375,11.4160495957812,0.08680555559375,75.9468946115625,0.602298723342521
"R800D",5,462361.445783133,0.603444233449477,8.149171271,8.908839779,0,82.11325967,0.596928421052632
"R800E",21,830250,0.587005479452055,8.149171271,8.908839779,0,82.11325967,0.626136774193548
"R800F",11,755000,0.626017772962844,14.40329218,1.783264746,3.223593964,76.54320988,0.645478092783505
"R800G",36,797187.5,0.634987610151401,14.19753086,20.37037037,0.396825397,53.92416226,0.672477697185174
"R801A",27,690000,0.56763672417212,10.9975326,12.19598167,0,70.46175538,0.626925
"R801B",7,686858.877086495,0.568596928635953,10.9975326,12.19598167,0,70.46175538,0.582811851851852
"R801C",8,666638.846737481,0.573654075759825,10.9975326,12.19598167,0,70.46175538,0.570243353617309
"R801D",10,566405.120481928,0.583033157785201,10.9975326,12.19598167,0,70.46175538,0.598955898520084
"R801E",19,576000,0.602405405405405,14.0447911715789,2.87934021168421,2.88426828357895,75.9030567747369,0.669255172413793
"R801F",35,871250,0.660888938738886,10.9975326,12.19598167,0,70.46175538,0.658720151610866
"R801I",10,616607.857834982,0.555059745451026,10.9975326,12.19598167,0,70.46175538,0.618894884917175
"R801J",7,1101875,0.544743278502552,10.9975326,12.19598167,0,70.46175538,0.608656888888889
"R802A",11,771471.927162367,0.594630419099966,6.420545746,3.531300161,0,85.71428571,0.637864788732394
"R802B",78,487640.364188164,0.592357850235191,7.01462075420513,20.2857624356026,8.77859121594872,61.501836949359,0.651210415672162
"R802C",26,369132.207890744,0.55941294700165,10.0533548796923,39.3072464330769,15.2383833784615,32.1446869753846,0.579568570448504
"R803A",39,371000,0.597683235566533,0,6.994047619,18.75,69.64285714,0.63699104477612
"R803B",21,740963.855421687,0.569278780487805,2.490421456,15.90038314,2.011494253,62.2605364,0.569652173913043
"R803C",48,389854.928058212,0.622500648328787,2.28288633466667,15.14602724325,2.13652410708333,64.1543942458333,0.67460051908397
"R803E",18,400648.624810319,0.587458174267611,0,11.2241431297778,0.780411667111111,86.9613997433333,0.605776621808144
"R803F",31,474216.86746988,0.548690697674419,0,7.9370785566129,2.83213911451613,85.4781979990322,0.568607683352736
"R803G",49,350000,0.5811114556717,0,9.58087671212245,6.01909906481633,84.1354484434694,0.65755
"R804A",71,503855.421686747,0.56768064578714,0.366808530591549,19.1246174473239,11.641310502493,63.1190253991549,0.61536
"R804B",13,507678.300455235,0.548008434605252,0,24.7626066192308,15.0654276630769,58.2886276123077,0.577856899488927
"R804C",9,435625,0.515883402736466,0,24.7565359533333,15.4762556311111,57.8868536088889,0.582171428571429
"R805A",18,521005.31107739,0.509293556772203,0,24.79240807,13.04863582,60.26097272,0.557153587056656
"R810A",14,754457.51138088,0.520496652713689,4.024496938,14.17322835,10.93613298,69.37882765,0.573496375661376
"R810B",5,690591.805766313,0.640980672379697,0,5.555555556,42.85714286,48.73015873,0.710608895705521
"R810D",8,521144.578313253,0.594465633853997,0,41.46505376,27.62096774,30.91397849,0.643719788702195
"R810G",23,398179.059180577,0.474812096793534,0,56.99588477,4.218106996,38.78600823,0.537213953488372
"R810H",13,691875,0.539063785907859,0,33.2541943635385,22.051508164,43.3756161530769,0.644719047619048
"R810I",7,584825.493171472,0.570725522786131,0,27.6014109334286,26.2975560611429,44.4683799442857,0.672542553191489
"R810J",14,385735.963581184,0.59688851940133,0,27.13833157,1.16156283,70.64413939,0.615204141865079
"R810K",172,488127.864188164,0.606738036043404,1.22311106693605,16.8254868806628,15.9161700560814,60.670696997907,0.682077908961593
"R810M",20,394625,0.553015001226521,4.024496938,14.17322835,10.93613298,69.37882765,0.574441558441558
"R810N",11,410622.15477997,0.506515772357724,0,12.40875912,2.773722628,79.27007299,0.576506527415144
"R810S",5,630375,0.650550862581797,0,56.99588477,4.218106996,38.78600823,0.677854545454545
"R811A",45,820000,0.609924494213496,4.44858266057778,1.16630219733333,1.262105592,92.1953005466667,0.639880821917808
"R811B",17,815022.761760243,0.655544628610505,13.835748124,2.13607151547059,3.03397078964706,76.5838110276471,0.691305825242718
"R811C",13,6e+05,0.586108575924469,14.40329218,1.783264746,3.223593964,76.54320988,0.600761290322581
"R811D",8,490425.451807229,0.586231255131897,14.40329218,1.783264746,3.223593964,76.54320988,0.600887036510194
"R811F",115,451062.215477997,0.651598352866646,6.68480268818261,11.6323914247913,1.80127943924348,66.952525096,0.718632352941176
"R811G",17,750843.373493976,0.655565040650407,0,26.24179944,28.39737582,28.49109653,0.672675324675325
"R811H",24,513277.693474962,0.555437076306364,0,26.24179944,28.39737582,28.49109653,0.584886502801231
"R812A",10,295138.253012048,0.475557353318734,0,63.12456017,23.78606615,8.092892329,0.54772243313201
"R812C",8,462214.339908953,0.534593101613833,2.624671916,2.755905512,5.774278215,82.80839895,0.580493900591106
"R812E",8,415894.729144194,0.598985122171001,12.4201278,41.33386581,7.068690096,34.94408946,0.629249565736012
"R813A",37,574000,0.562301913916786,0.136182694324324,17.6253832308919,4.14260033145946,73.7847713372973,0.603629032258065
"R813B",51,678000,0.630926864590876,0.407830021647059,7.52812757452941,4.01264899972549,83.7574803629412,0.630926864590876
"R813C",89,902000,0.617693539762891,6.20247266167416,14.6927210534831,7.25076096294382,69.7939949682022,0.661389795918367
"R813G",14,932782.419511125,0.606888194000561,3.13186813178571,22.1381578921429,2.71291208764286,71.4676113357143,0.67449936134154
"R813H",11,790000,0.655798540583767,0.541483665272727,8.499522317,5.64099718345455,83.9418507754545,0.649729487179487
"R814B",10,663000,0.593292915267089,2.978160159,3.904698875,3.37524818,83.38848445,0.589621595580678
"R814C",8,332915.02276176,0.581143863724352,0,47.63979666,13.7254902,37.69063181,0.636733679558011
"R814D",18,441729.893778452,0.493797669574506,1.10398020594444,5.81188230522222,6.75479092261111,71.68360318,0.600115588303016
"R814E",34,488437.5,0.540030673234126,2.978160159,3.904698875,3.37524818,83.38848445,0.588082193311686
"R814F",12,452728.915662651,0.54873045872815,1.085141903,9.18196995,0.667779633,76.79465776,0.577188013196481
"R814G",15,615000,0.53910406504065,0,0,9.262166405,62.95133438,0.571716981132075
"R814H",9,370000,0.545414670333647,8.769230769,16,3.846153846,69.84615385,0.570889189189189
"R814I",5,721204.819277108,0.577754042766455,2.978160159,3.904698875,3.37524818,83.38848445,0.571151773049645
"R815A",30,520712.34939759,0.583518139836312,0.5425709515,32.79611318,3.66722315,55.723336205,0.614982275132275
"R815B",30,489957.388088012,0.564068251609983,0.940456315933333,11.7183910506667,1.6406645534,73.062259994,0.613816481012658
"R815F",6,227875,0.50713135747895,0,33.06421976,8.69909054666667,52.06940665,0.537309260832625
"R815G",9,429286.798179059,0.502137519669552,0,24.79240807,13.04863582,60.26097272,0.608394202898551
"R816B",43,613444.613050076,0.576227272727273,0.117508813,2.23266745,0,92.00940071,0.619333928571429
"R816C",130,374953.243550835,0.582457927583917,0.829506369323077,23.6683432797846,9.74530609983077,62.0454227978462,0.636821759259259
"R816D",7,336500,0.588845544501498,0.117508813,2.23266745,0,92.00940071,0.632770909090909
"R816E",8,325722.891566265,0.587117453493179,5.368289638,21.47315855,2.684144819,69.60049938,0.651225423728814
"R816F",24,382680.722891566,0.580099613420923,0,56.41025641,6.666666667,34.65201465,0.643106944444444
"R817B",8,464677.541729894,0.654124133889988,0,2.479338843,0,91.94214876,0.710445281231498
"R817E",11,412500,0.52304,0.117508813,2.23266745,0,92.00940071,0.533232786885246
"R818C",5,338250,0.535862051649928,0,2.479338843,0,91.94214876,0.545427272727273
"R820A",69,271625,0.573541414141414,0.179758938826087,60.5059845089855,6.41219117385507,29.6220030118841,0.628062365591398
"R820B",56,287234.939759036,0.509759133897461,0,87.47680891,6.307977737,2.319109462,0.571008331958423
"R820C",17,255083.459787557,0.495974789202648,0,87.47680891,6.307977737,2.319109462,0.522263917525773
"R820D",17,3e+05,0.420030825116762,0,71.97164948,16.36597938,4.961340206,0.421425714285714
"R820E",15,515000,0.544984466019418,1.809210526,12.17105263,3.536184211,67.26973684,0.604995652173913
"R820F",114,274059.180576631,0.523160800908693,0.587634133842105,65.1455473161404,17.5176233270702,14.1412160809298,0.554366739087498
"R820G",77,236418.816388467,0.586082511676181,5.93664649597403,54.5330162112987,11.6428307353896,23.203411789039,0.603381322957198
"R820H",56,746274.658573596,0.603790631772899,2.72148587526786,11.2638131944643,4.608407963875,73.744606285,0.666060402130265
"R821A",45,388475,0.600741001283697,5.7181328542,43.924259374,16.825593378,27.823942334,0.654624
"R821B",67,399750,0.640586641160529,1.04534089297015,50.8952434861194,19.6578958884627,20.1009872491045,0.673479487179487
"R821C",26,654090.434575937,0.583353968004196,6.64804577984615,11.1433354115385,0.834144347615385,68.3698614123077,0.656763763594224
"R821D",83,380000,0.596937263797553,5.74852715320482,41.5950302048193,15.4527452863614,34.9658250518072,0.680621052631579
"R821E",72,485182.532862863,0.585923832038158,2.21732975579167,39.7677615365278,5.43972982218056,48.5208956402778,0.596739460784314
"R821G",5,1119878.60394537,0.839080233062331,3.357314149,10.6314948,5.355715428,78.25739408,1.04407555555556
"R822A",141,684370.257966616,0.6014521894639,2.84470120915603,6.37649804643972,15.0810959460709,69.1781949385816,0.6678
"R822C",21,845625,0.601532036391793,0.616740088,0.176211454,8.986784141,72.95154185,0.636390804597701
"R822D",69,442800,0.590961517615176,0.642363065057971,33.3531062953333,8.4541789331884,50.1770690344928,0.626116814159292
"R822E",76,539835.457154871,0.598452574445636,11.5418740423684,5.59584839115789,9.44020691818421,64.2699464426316,0.67393137254902
"R822F",85,620125,0.575213726903178,2.83709380971765,4.57942318262353,10.8276429638824,78.4960092462353,0.628942168674699
"R822G",27,291445.78313253,0.466829268292683,1.52129827185185,25.0800901105185,20.5834930359259,45.786165082963,0.527644351464435
"R822H",36,404637.803490137,0.640057584575265,2.06154171688889,0.896182224888889,10.1794429127778,85.2087994922222,0.668108667667882
"R822I",78,359676.204819277,0.600159919443359,0.578798814,24.7531241646923,18.2864215866154,50.8723482046154,0.615958865182437
"R822J",7,2e+05,0.455785,0.956521739,38.52173913,19.91304348,33.13043478,0.455785
"R822K",10,396902.124430956,0.683317050890356,0.956521739,38.52173913,19.91304348,33.13043478,0.685678740310077
"R823B",168,335409.638554217,0.53384547363965,1.40737268125595,34.3803932069643,21.2599957328571,39.8015686538571,0.561921501072784
"R823C",74,356689.11229135,0.648894522708158,0.0728375807432433,11.9440852231081,12.6502718837838,46.8270138075676,0.665735634920635
"R823D",22,354674.886191199,0.542866931361566,1.077996195,21.68674699,36.08116677,41.15409004,0.585142374727669
"R823F",5,350000,0.531163763066202,13.48614072,55.97014925,19.29637527,8.475479744,0.544442857142857
"R823G",33,328000,0.619918964367378,1.76851206675758,34.65935124,26.0415106757576,36.5309068293333,0.667777142857143
"R823H",10,319191.63756696,0.541759143515499,0.9902142192,47.369380275,19.682366323,30.778680776,0.553639461279461
"R824A",52,321337.5,0.539956132425375,2.81112199880769,58.6072168284615,23.8426183667692,12.8902665791154,0.592520206628203
"R824B",18,239529.590288316,0.587280658650059,0,61.07544141,3.451043339,28.81219904,0.682686990154712
"R824C",13,461250,0.554770786516854,0.385016443384615,46.3509665538462,0,45.6667602438461,0.569993333333333
"R824D",5,405060.240963855,0.575448912326961,0,33.20407174,1.793504605,58.84634028,0.589835135135135
"R824E",121,383325.301204819,0.568504625735913,0.123064469380165,11.5231306745289,10.6635572752479,67.5327106436364,0.615442857142857
"R824F",25,348406.676783005,0.60020025673941,0,1.925254813,32.27633069,61.49490374,0.615205263157895
"R824G",86,334406.25,0.530012595836925,7.5344312475,46.6735541488372,14.9167299816279,26.5105184383023,0.564803176064442
"R824H",17,363875,0.509749544892188,6.607142857,48.48214286,13.125,25.625,0.604753125
"R824I",19,307500,0.544572966799902,0.958627649,42.83551968,18.56710394,36.02421796,0.610613333333333
"R824J",23,391957.51138088,0.548757973733584,0.574534161478261,27.1639901026087,12.7374447808696,57.401476403913,0.574112977099237
"R825B",54,498319.743313162,0.568264313320826,2.08766819255556,16.3031726368519,1.20989933748148,71.90132327,0.605827722772277
"R825C",22,437920.507523265,0.550626289509152,0,33.20407174,1.793504605,58.84634028,0.603878231292517
"R825D",17,353112.5,0.614634146341464,0,33.20407174,1.793504605,58.84634028,0.607490384615385
"R825E",14,319165.402124431,0.532289664440778,5.368289638,21.47315855,2.684144819,69.60049938,0.552787356321839
"R825F",55,486875,0.832386434244746,0,33.20407174,1.793504605,58.84634028,0.882805383022774
"R825H",56,342267.564491654,0.599158136782897,9.936305732,20,0,70.06369427,0.643632251082251
"R825I",42,367413.505311077,0.55713100737241,0.417101147,46.3836333671429,0.0821676985476191,45.5560556097619,0.629390416143748
"R826B",9,370481.927710843,0.562494902967606,0,7.092198582,22.16312057,70.65602837,0.636951612903226
"R826D",10,460751.138088012,0.588590288046561,0,10.3759686764,4.432624114,79.768271314,0.609890508788159
"R827A",69,382625.189681335,0.561415321195466,0.944546997565218,25.784431183913,5.78424023217391,66.1969853104348,0.596393495934959
"R829C",5,484096.385542169,0.570091473302571,0,34.18874172,8.443708609,57.36754967,0.660621176470588
"R830A",9,218998.482549317,0.573120144534779,2.423018677,49.01564866,30.18677436,17.74356386,0.587448148148148
"R830B",11,479156.626506024,0.478357341463415,2.423018677,49.01564866,30.18677436,17.74356386,0.472594
"R830C",7,391957.51138088,0.568737665505227,21.79824561,39.69298246,0,37.93859649,0.579713907284768
"R830D",59,495235.204855842,0.565084537058963,21.79824561,39.69298246,0,37.93859649,0.583921800947867
"R830F",131,248500,0.54749075314929,1.13006579681679,65.5588776236641,22.3880504137405,4.73838802067176,0.594395604395604
"R830G",143,230197.268588771,0.528591545814107,0.641971191356644,67.9037993242657,19.4352358198601,11.0524444891049,0.581454887218045
"R830H",19,590000,0.566108039747064,2.423018677,49.01564866,30.18677436,17.74356386,0.604999014778325
"R830I",12,601931.25,0.764058629387361,2.423018677,49.01564866,30.18677436,17.74356386,0.783160095122045
"R830J",5,369000,0.736797212543554,0,73.47588717,25.61419472,0.909918107,0.755217142857143
"R831A",40,234122.96686747,0.413615368224615,0,71.8289180325,16.0088717,12.162210265625,0.458191244172494
"R831B",14,254420.077883613,0.460302520852153,2.920723227,65.92489569,12.3783032,17.52433936,0.550783585759245
"R831C",349,281875,0.546533728222997,1.7683499609341,33.4925500024012,37.6331043353868,24.5508129266189,0.609784126984127
"R831E",50,223712.860394537,0.573739469608982,1.44999999966,43.3874130334,36.8183744486,15.470619857,0.619824680271481
"R831F",46,299200,0.522985848205255,0,31.6191660230435,49.0080202591304,5.75656962082609,0.560176351351351
"R831G",44,231906.25,0.481335675813008,0.876456876545455,29.2606422663636,45.8694186036364,11.5893814924545,0.527009827124923
"R831H",150,415032.379518072,0.631829210015109,0.832273166226667,47.55040672428,22.8215935274267,23.4700004469667,0.671001602081337
"R832A",28,369256.25,0.658576400940907,6.472196901,21.14858706,19.4165907,39.28896992,0.769896695652174
"R832B",52,528289.156626506,0.554835573980349,4.20332624136539,11.9412411055385,18.0580042459808,59.4557022221154,0.569889759515847
"R832C",122,595523.520485584,0.604753373650312,1.66505411793443,24.4624657888279,23.5143657987131,46.9912272785246,0.670990730050934
"R832D",38,213454.819277108,0.610286593173488,0,78.3977060763158,7.31977001605263,9.59752321763158,0.667406552094522
"R832E",275,354628.224582701,0.578003238704518,1.89362985557818,29.3347333398291,8.03691109162546,55.6808026757454,0.628065445026178
"R832F",63,235000,0.615740625,0.0454609897936508,50.232977812381,26.1386543907937,15.8983140734444,0.615778911564626
"R833A",16,262036.039453718,0.521825978589884,1.660735469,68.56465006,26.09727165,3.677342823,0.587777369614512
"R833B",13,279347.496206373,0.515142708873897,0.043821209,54.99561788,14.59246275,24.40841367,0.60900487804878
"R833C",76,256762.5,0.53627368191691,0.126198216263158,65.4772486255263,23.2870652531579,2.24804308805263,0.562474857142857
"R833D",8,257261.001517451,0.563402041568755,3.75288683625,44.86720554375,30.7210903975,13.179767404625,0.629418525345622
"R833E",30,358050.075872534,0.543240969812193,2.077431539,60.90651558,16.52502361,13.78659112,0.571479803312629
"R833G",5,427420.33383915,0.468505066666667,1.245640259,75.08719482,19.03338316,2.939711011,0.582965333333333
"R833H",25,236418.816388467,0.715336463414634,0.17197452228,85.090132928,1.3503184712,13.38757407844,0.806156756756757
"R833I",65,356187.5,0.649873170731707,1.245640259,75.08719482,19.03338316,2.939711011,0.684684523809524
"R834B",7,256762.5,0.612439024390244,2.077431539,60.90651558,16.52502361,13.78659112,0.62775
"R834C",43,379250,0.494323824673029,3.907563025,82.10084034,4.663865546,9.327731092,0.541298196948682
"R834D",12,253298.493975904,0.493708308077628,3.60254111066667,78.56845288,6.64072522333333,10.07087443,0.555162546177892
"R834E",62,360301.204819277,0.509816360042888,0,61.07544141,3.451043339,28.81219904,0.541937161022447
"R834F",23,396168.674698795,0.531766829268293,2.502606882,30.03128259,0,60.58394161,0.5616875
"R835A",10,428664.64339909,0.578059407460882,5.836065574,5.31147541,13.7704918,65.37704918,0.621793041794865
"R835B",50,334544.290591806,0.52866789919439,7.17348702664,15.2351992348,5.783606556,66.7681379598,0.571950461538462
"R835C",31,404875,0.566547425474255,3.25532336083871,24.449390646129,3.10946589032258,61.6662562225806,0.607464242424242
"R836B",9,306100.151745068,0.581794603222106,4.65185086666667,12.6447828811111,13.99525968,60.4273600911111,0.60384
"R837A",7,330000,0.56846460777851,0,23.58870968,0,76.41129032,0.679649230769231
"R837D",6,366000,0.529095135484286,0,22.42365151,0,77.57634849,0.569013659818442
"R838A",31,525000,0.613172380952381,0,16.59836066,0,83.40163934,0.655911304347826
"R840A",87,301325.301204819,0.524538365618383,3.3343714927931,28.6733864954023,8.07957143041379,53.5240517017241,0.541748
"R840B",80,270503.903321937,0.477896833688699,0,17.76788891125,67.8235256271,13.821788399025,0.481127754990429
"R840C",57,440000,0.573893623273582,10.56625803,36.31056626,13.25160537,39.87157034,0.6021125
"R840D",31,334719.271623672,0.525587878787879,0,70.51993942,8.480565371,4.745078243,0.55054
"R840E",15,261305.007587253,0.479671918843082,0,23.2528695613333,59.8684354361333,13.2030005877333,0.524136
"R840F",17,299812.5,0.569547763477635,1.166827387,42.0241568329412,38.7708579982353,16.0448836094118,0.608173207036536
"R840G",32,315584.123672231,0.510639088731811,2.54636860103125,71.8519372140625,13.3655777447188,9.16130551115625,0.5611139392269
"R840H",49,553500,0.668416324559285,12.37263464,35.95342067,6.877729258,41.81222707,0.715420408163265
"R840I",92,490024.096385542,0.67060829368821,12.37263464,35.95342067,6.877729258,41.81222707,0.662528675691967
"R840J",58,527618.75,0.696189836251212,4.281891169,21.67707404,2.943800178,61.46297948,0.809819063922985
"R840K",8,377710.843373494,0.739654138504528,0,17.02786378,73.06501548,9.907120743,0.755504957028852
"R840L",7,435000,0.532463442636723,0,26.89486553,3.178484108,62.10268949,0.547410869565217
"R840M",42,453818.75,0.881587302689028,0,21.01865136,0,72.30989957,0.974970733863837
"R840N",50,458500,0.768715552249844,10.56625803,36.31056626,13.25160537,39.87157034,0.762784669956667
"R840S",83,478168.674698795,0.877175949950989,12.37263464,35.95342067,6.877729258,41.81222707,0.86660756501182
"R841A",27,390240.963855422,0.557491693177801,1.803278689,56.2295082,22.95081967,16.8852459,0.571428985507246
"R841B",15,282554.21686747,0.565201009251472,2.685421995,72.97527707,12.87297528,8.780903666,0.583166037735849
"R841C",7,334915.662650602,0.537095470383275,2.685421995,72.97527707,12.87297528,8.780903666,0.562743333333333
"R841D",133,262912.5,0.530636966463415,0.585543141766918,44.6217041189474,38.216231552406,12.2887879661955,0.58365
"R841E",32,219082.473444613,0.480190442937392,2.685421995,72.97527707,12.87297528,8.780903666,0.499889128935877
"R841F",7,287512.5,0.53019955654102,0,41.45818442,41.02930665,8.43459614,0.544648117839607
"R841G",7,273748.103186646,0.604812623274162,0,49.94011976,14.25149701,35.80838323,0.691045454545455
"R841H",36,295891.56626506,0.577075140712946,0,37.7058182908333,43.7804104120556,14.3640779088889,0.595006326530612
"R841I",15,290075,0.477553658536585,0,30.72143597,55.36762168,10.52813255,0.481646666666667
"R841J",78,417687.5,0.863852098622779,0,30.72143597,55.36762168,10.52813255,0.879171629082819
"R842A",16,377891.56626506,0.543729826791108,0,36.1671452775,41.190211418125,18.63016870375,0.546333676474174
"R842B",37,312943.854324734,0.520825515947467,0,43.16877153,22.96211251,29.04707233,0.561485809682805
"R842C",51,330000,0.566717148217636,0,29.2588593394118,49.6776740937255,19.2675863124706,0.579888392857143
"R842D",53,319108.43373494,0.49128069450186,0,33.763662794717,33.4597322913208,23.8641950308679,0.557048888888889
"R842E",13,311077.389984826,0.472575006445625,0,69.55752212,2.477876106,13.45132743,0.515282051282051
"R842T",33,431734.939759036,0.614687694013304,0,1.08401084,28.18428184,48.23848238,0.612826697892272
"R843A",25,184157.814871017,0.666673287671233,0.1460755964,47.5716948508,30.1126868756,14.84492197076,0.7826
"R843B",36,347910.31626506,0.515992277851829,0,26.38504155,51.10803324,21.32963989,0.536973809523809
"R843C",30,247924.931897545,0.623599624838619,0,26.38504155,51.10803324,21.32963989,0.679107307692308
"R843D",16,372500,0.534625385710552,0.043821209,54.99561788,14.59246275,24.40841367,0.615740573175788
"R846A",96,678312.5,0.646896032713899,0.790300546479167,13.1869088127083,6.89976519066667,77.0415780142708,0.721236760144466
"R846B",35,492000,0.600699873142009,0,14.42041043,5.823627288,78.86855241,0.639418319169027
"R846C",12,537968.992814962,0.536199879275654,5.836065574,5.31147541,13.7704918,65.37704918,0.562781752473717
"R847A",7,369000,0.59769376693767,0.434656620857143,35.20950212,12.6702405085714,48.8603327171429,0.63516
"R850A",30,641400,0.572446617138959,10.56910569,26.59698026,2.113821138,57.97909408,0.623398075053471
"R850B",87,484096.385542169,0.604042052512328,10.56625803,36.31056626,13.25160537,39.87157034,0.632328395061728
"R850C",14,473000,0.558295006715712,10.56625803,36.31056626,13.25160537,39.87157034,0.628709253246753
"R850D",16,604112.291350531,0.622614891598916,10.56910569,26.59698026,2.113821138,57.97909408,0.691163440380613
"R850E",38,622321.699544765,0.592154397096766,10.56910569,26.59698026,2.113821138,57.97909408,0.625310893473027
"R850F",39,569271.623672231,0.537651056910569,10.56910569,26.59698026,2.113821138,57.97909408,0.586542608695652
"R850G",50,565503.698786039,0.593942890961263,10.56910569,26.59698026,2.113821138,57.97909408,0.617049444444444
"R850H",24,460822.268588771,0.556347376777054,10.56910569,26.59698026,2.113821138,57.97909408,0.595111996792745
"R850I",108,489000,0.571839268730204,7.377616233,35.4648601032407,3.59278130746296,51.3907950506482,0.610326978639338
"R850J",115,425000,0.53955165798849,2.317198764,38.46549949,12.35839341,44.6961895,0.580442831215971
"R851A",68,408755.690440061,0.533914463175514,0,52.14477212,4.289544236,43.56568365,0.579468161474542
"R851B",113,323520.485584219,0.544569921455147,0,66.3830322663717,15.8499782970531,17.5714982962389,0.601346153846154
"R851C",45,307500,0.516112283431455,0,54.4761639533333,11.7582509433333,30.97488743,0.564254545454545
"R851D",71,315000,0.521948553054662,0,57.3774212867606,18.1304234466197,20.7032726342253,0.547774919614148
"R851E",9,355872.53414264,0.504009112229234,0,58.26446281,22.83057851,15.08264463,0.513121126760563
"R851F",48,261305.007587253,0.517652922330449,0.13083297,56.6283311158333,10.0716902463333,25.5054602039583,0.585425630252101
"R851P",42,412543.975903614,0.545641141912271,0.531638735238095,69.3596866457143,9.16264509952381,11.0443683442857,0.559355953174074
"R852A",83,358750,0.503926829268293,0.69777584,69.29786306,11.25163541,10.29219363,0.52864347826087
"R852B",84,405060.240963855,0.559964468312167,0.240898801904762,69.4678779207143,5.50691205619048,12.3606740942857,0.597723089983022
"R852C",27,327253.414264036,0.522747181964573,0,0,42.41948154,57.58051846,0.522747181964573
"R852D",18,405644.916540212,0.501691610834277,0,62.63676149,23.14004376,14.22319475,0.582159679498987
"R852E",45,197845.220030349,0.593675523210071,0,23.7925382268889,28.9159868076,37.2944861027111,0.672647619047619
"R852F",14,355664.11229135,0.522162957552487,0,62.63676149,23.14004376,14.22319475,0.627668529847979
"R852T",26,401948.192771084,0.600145057072217,0,1.08401084,28.18428184,48.23848238,0.615148683499023
"R853A",29,358750,0.517098957773719,0,0,6.003430532,93.99656947,0.558224489795918
"R860A",95,331608.497723824,0.520034260058035,4.76553559945263,34.2293944187368,18.4752636756421,41.346171416,0.558291803278689
"R860B",73,471500,0.558936170731707,3.235470342,46.97423607,5.512282804,42.84002397,0.595572025052192
"R860C",77,522750,0.787336017049491,10.56910569,26.59698026,2.113821138,57.97909408,0.81627652733119
"R860D",25,484658.573596358,0.687058491117534,10.56910569,26.59698026,2.113821138,57.97909408,0.846895640686922
"R860E",20,491250,0.257219740895602,10.56910569,26.59698026,2.113821138,57.97909408,0.257219740895602
"R860F",27,489500,0.43950652173913,0,0,7.530647986,92.46935201,0.43950652173913
"R860G",28,459500,0.466754411917764,0,0,7.530647986,92.46935201,0.466754411917764
"R861A",85,296385.542168675,0.606429268292683,0.0174493423294118,15.9689064597647,9.03239049668235,74.6244813758235,0.668030508474576
"R861F",31,460500,0.738998851894374,0,22.59887006,0,77.40112994,0.738998851894374
"R864A",20,269575,0.527651944568127,0.511795624,48.6857350965,20.356848065,25.32525484855,0.547300498084291
"R880A",15,746585.735963581,0.610607595207531,0.5825242718,2.607489598,6.4960856564,89.010155672,0.646428391959799
"R920A",12,489114.757207891,0.635490784500053,0,34.18874172,8.443708609,57.36754967,0.659798120300752
"R920B",43,391957.51138088,0.631450021394951,0.239451438488372,24.5910932008837,5.69459417816279,68.0203988395349,0.692273830155979
"R930A",10,372628.361701739,0.596026321646342,3.432137285,9.984399376,0,86.58346334,0.633171116207951
"R940A",5,335341.426403642,0.520698747528016,3.432137285,9.984399376,0,86.58346334,0.624286956521739
"T707A",92,442054.21686747,0.607811422036558,20.94517958,7.069943289,1.890359168,65.86011342,0.616939001493493
"T708A",11,335963.581183612,0.60407791053619,10.07462687,2.686567164,0,87.23880597,0.654740425531915
"T708B",40,333032.379518072,0.623916319601566,10.07462687,2.686567164,0,87.23880597,0.666909769941732
"T708C",13,417687.5,0.601468094512195,7.371167645,11.2198304,6.196999348,74.36399217,0.630142105263158
"T709A",12,264121.813353566,0.558920999551401,7.371167645,11.2198304,6.196999348,74.36399217,0.608265957446809
"T709B",51,296385.542168675,0.509409913453973,0,25.96491228,26.9005848,44.09356725,0.548767857142857
"T709C",10,446264.87741558,0.620197909407666,0,25.96491228,26.9005848,44.09356725,0.665660743321719
"T709D",13,444578.313253012,0.638428801642608,10.19855596,39.07942238,24.68411552,24.81949458,0.746399452804378
"T709E",16,344427.219271624,0.546396780694771,10.19855596,39.07942238,24.68411552,24.81949458,0.598521060606061
"T709F",31,450000,0.579850800689825,7.371167645,11.2198304,6.196999348,74.36399217,0.591920430107527
"T717A",17,341325,0.532900487804878,20.94517958,7.069943289,1.890359168,65.86011342,0.570760869565217
"T717B",39,535562.5,0.616745365853659,20.94517958,7.069943289,1.890359168,65.86011342,0.666028340080972
"T717C",24,484568.75,0.803565545114472,20.94517958,7.069943289,1.890359168,65.86011342,0.823654683742334
"T718B",16,278298.07850522,0.56016365385563,2.011680727,66.32057106,3.958468527,26.47631408,0.566995520919635
"T718D",23,375781.487101669,0.555242894056848,6.157965194,26.17135207,2.008032129,63.58768407,0.583605333333333
"T718F",10,395180.722891566,0.78545311998302,6.272273699,40.62722737,12.40199572,27.44119743,0.7888325
"T719A",7,584825.493171472,0.663643988018828,5.82010582,23.28042328,6.084656085,54.4973545,0.81956170212766
"T719B",7,370481.927710843,0.593030243902439,6.588579795,46.41288433,0,46.99853587,0.653112676056338
"T719D",10,314810.318664643,0.514982218806692,6.588579795,46.41288433,0,46.99853587,0.592750837053571
"T719E",24,273440.819423369,0.554220260622795,0,27.13833157,1.16156283,70.64413939,0.618064305084746
"T719F",198,302938.43892261,0.515999260718073,6.31798038480303,8.19953352825758,2.90966039587879,80.4219052432828,0.53880894612239
"T727A",43,255083.459787557,0.543203638544582,6.38956417627907,32.2960467181395,9.0662143127907,48.8134550311628,0.610593301435407
"T728A",15,345937.5,0.604513821138212,16.81547619,24.35515873,28.67063492,30.15873016,0.678589743589744
"T728B",6,230654.02124431,0.597151063634697,4.80349345,35.80786026,0,57.31441048,0.630512476190476
"T728C",70,446900,0.812532119364376,16.81547619,24.35515873,28.67063492,30.15873016,0.809050474762619
"T728S",38,383500.094840668,0.640175672950332,3.147208122,26.1928934,0,58.07106599,0.668176052409295
"T729A",88,323197.742792109,0.574274586182432,14.86199575,3.609341826,2.229299363,71.23142251,0.602029270610596
"T729B",32,335320.812841655,0.547277548195883,14.86199575,3.609341826,2.229299363,71.23142251,0.601402787493313
"T729D",48,328987.951807229,0.564573247259038,0.417469493,54.49582531,28.19524727,15.54271034,0.598931152073733
"T729E",10,406937.5,0.587090818115635,14.86199575,3.609341826,2.229299363,71.23142251,0.597460541977584
"T729F",65,410000,0.681724887878602,0.417469493,54.49582531,28.19524727,15.54271034,0.686214285714286
"T729G",7,401911.987860395,0.841347204161248,0.417469493,54.49582531,28.19524727,15.54271034,0.98483064516129
"T737A",25,414355.083459788,0.604222924625331,34.10672854,30.9579052,1.491547895,31.15677826,0.65849010989011
"T737B",112,404618.75,0.753832823873069,1.152073733,68.8172043,0,23.88632873,0.774765316205534
"T738A",65,345937.5,0.538462140992167,1.861832435,31.50416463,5.634492896,55.41401274,0.556117969821673
"T738B",26,402845.220030349,0.561293970189702,1.861832435,31.50416463,5.634492896,55.41401274,0.595569025641026
"T739A",72,324260.242792109,0.558057577968395,2.423018677,49.01564866,30.18677436,17.74356386,0.584467376160991
"T739B",5,263000,0.520684410646388,0,95.77384352,0,4.226156482,0.520684410646388
"T739C",52,407530.120481928,0.599652490691344,21.79824561,39.69298246,0,37.93859649,0.63007344239226
"T739D",6,269595.59939302,0.52606216014802,3.33424954166667,57.9801332383333,10.127126731,25.5872548216667,0.583503162055336
"T739E",28,323638.08801214,0.560542098035134,2.52293578,42.35474006,16.13149847,36.16207951,0.573712200956938
"T739G",5,261927.162367223,0.523794473089624,2.32172471,64.59369818,7.711442786,11.35986733,0.544420634920635
"T739H",42,337207.890743551,0.710429821022247,21.79824561,39.69298246,0,37.93859649,0.85719186625778
"T739I",34,475600,0.889513908722225,2.423018677,49.01564866,30.18677436,17.74356386,0.904478784129573
"T739J",143,408462.5,0.790955138328362,3.536754508,56.65742025,10.61026352,28.43273232,0.789132720105125
"T747A",74,450000,0.594219597069597,16.47244094,26.77165354,10.67716535,43.46456693,0.60285536830923
"T747B",37,362084.337349398,0.553679213789345,34.10672854,30.9579052,1.491547895,31.15677826,0.598769452449568
"T747D",28,402534.142640364,0.73295241146266,34.10672854,30.9579052,1.491547895,31.15677826,0.911816600994465
"T749A",38,308556.885432473,0.561577662194334,0,21.01865136,0,72.30989957,0.565096794871795
"T749B",17,306265.060240964,0.541488448844884,10.24868124,31.98944989,1.620195931,50.03767898,0.545836666666667
"T749C",28,391024.279210926,0.799752691043892,10.24868124,31.98944989,1.620195931,50.03767898,0.9660017977813
"T749D",48,376198.795180723,0.659364186065397,10.56625803,36.31056626,13.25160537,39.87157034,0.651420039245332
"T757D",20,428500,0.67754293378708,16.47244094,26.77165354,10.67716535,43.46456693,0.67754293378708
"T758A",74,389734.446130501,0.651458165410728,9.66313365554054,35.096426315,1.95435222133784,47.7264002531081,0.759661972359026
"T758C",33,440485.584218513,0.704609132587567,10.24868124,31.98944989,1.620195931,50.03767898,0.768226666666667
"T758D",61,394112.5,0.705750624343564,8.79062228508197,39.7260624547541,2.45227104222951,44.2824154719672,0.811782035928144
"T758T",43,467860.394537178,0.519215652439024,7.96812749,44.09030544,2.921646746,41.03585657,0.575125842696629
"T759B",15,319787.556904401,0.541752613240418,0,44.66279589,6.208128629,39.88387673,0.546160377358491
"T759C",10,392926.957831325,0.552029757507749,0,44.66279589,6.208128629,39.88387673,0.580324878670935
"T769A",25,371000,0.660419017798286,11.81364393,21.21464226,4.076539101,61.64725458,0.66545641025641
"T769B",9,503275,0.822323779245939,2.031694433,4.794798862,14.38439659,78.78911012,0.842881873727088
"T769C",21,466616.084977238,0.636586350445657,11.81364393,21.21464226,4.076539101,61.64725458,0.7261
"T769F",62,388038.713960546,0.80204989845162,2.912621359,13.03744799,2.357836338,75.17337032,0.906993861616113
"T769G",129,476625,0.657513869531552,11.81364393,21.21464226,4.076539101,61.64725458,0.76883451536643
"T779A",54,371887.397846317,0.617434363934927,11.81364393,21.21464226,4.076539101,61.64725458,0.645569862504645
"T798A",6,501493.59939759,0.627761973765116,16.01343785,4.479283315,1.511758119,74.41209406,0.691137808172914
"T800A",6,309352.409638554,0.536193078599281,3.072870939,0,3.248463565,85.95258999,0.554403229337712
"T802A",79,394192.771084337,0.630934426441438,5.090595341,10.00862813,5.522001726,77.82571182,0.686284705882353
"T803A",32,251639.120975556,0.535290255307687,0,6.848112379,3.511852502,84.98683055,0.554393103448276
"T804A",42,518873.198027314,0.648073176033934,6.752094628,31.49334648,11.13849187,46.8703795,0.692999891067538
"T804B",14,564005.795564656,0.605308440651834,0,24.72783826,17.41835148,55.98755832,0.724506031746032
"T810A",8,439021.084337349,0.666373295913423,0,41.46505376,27.62096774,30.91397849,0.693660622710623
"T810B",9,230000,0.345562946538556,0,56.99588477,4.218106996,38.78600823,0.35420202020202
"T810C",28,301291.28414264,0.494887246852764,14.19753086,20.37037037,0.396825397,53.92416226,0.503720238095238
"T810D",17,227228.915662651,0.524914736340101,22.3880597,32.46268657,3.731343284,29.85074627,0.575194285714286
"T810E",8,674277.108433735,0.664214259313264,0,41.46505376,27.62096774,30.91397849,0.759761296551724
"T811A",12,348632.530120482,0.595834176488894,14.40329218,1.783264746,3.223593964,76.54320988,0.618111111111111
"T811B",33,309833.080424886,0.567140861004996,14.40329218,1.783264746,3.223593964,76.54320988,0.634739130434783
"T812A",30,272137.5,0.529943136392603,12.4201278,41.33386581,7.068690096,34.94408946,0.550736551704567
"T812B",37,246000,0.503951772937502,12.4201278,41.33386581,7.068690096,34.94408946,0.550770186335404
"T812D",5,215250,0.536682926829268,32.19178082,15.75342466,20.4109589,20.89041096,0.5501
"T812E",17,424819.277108434,0.62990756097561,12.4201278,41.33386581,7.068690096,34.94408946,0.63720243902439
"T813B",5,642168.674698795,0.663979591932458,1.630434783,12.36413043,13.31521739,69.70108696,0.68192
"T813C",8,702810.391566265,0.70509331044613,8.769230769,16,3.846153846,69.84615385,0.815860740127037
"T813D",23,746585.735963581,0.739170892699026,8.769230769,16,3.846153846,69.84615385,0.818460960960961
"T814U",22,529500,0.83716515127904,0,0,9.262166405,62.95133438,0.831540447461036
"T820A",16,216174.698795181,0.300203319139644,1.809210526,12.17105263,3.536184211,67.26973684,0.35213506006006
"T820C",15,230625,0.49949864498645,0,36.14190687,0.609756098,63.24833703,0.531023255813953
"T820D",34,381944.707890744,0.613388727752142,0,36.14190687,0.609756098,63.24833703,0.629488374676046
"T821A",18,208210.843373494,0.439400859877778,6.597845601,43.85098743,15.66427289,29.08438061,0.477082860520095
"T821C",13,690850,0.784353392796064,2.336448598,32.57676903,6.608811749,56.00801068,0.930973293768546
"T821D",8,582959.028831563,0.680712011914128,3.223443223,9.377289377,6.373626374,74.72527473,0.771702359132565
"T821G",13,978072.289156626,0.579351860064055,2.336448598,32.57676903,6.608811749,56.00801068,0.594469279661017
"T822B",5,637708.649468892,0.594531924119241,0.616740088,0.176211454,8.986784141,72.95154185,0.663094717668488
"T823A",39,223975.720789074,0.571539627371274,0,25.13368984,12.70053476,60.42780749,0.605252955082742
"T823B",10,275797.325493171,0.564873883481574,0,25.13368984,12.70053476,60.42780749,0.578995730568614
"T823C",47,205311.077389985,0.429649630662021,1.007751938,59.45736434,16.97674419,21.62790698,0.455167567567568
"T823E",17,218337.34939759,0.358368376787216,1.007751938,59.45736434,16.97674419,21.62790698,0.39464406779661
"T823F",10,211267.319277108,0.478540868530637,13.48614072,55.97014925,19.29637527,8.475479744,0.491842790697674
"T823G",8,254419.575113809,0.460307367886179,0.958627649,42.83551968,18.56710394,36.02421796,0.466367682494685
"T823I",8,179899.943095599,0.494091387903043,0.62984496125,41.3751384275,14.717607975,31.2317275775,0.496992569659443
"T823J",16,240440.334936103,0.556329934873374,6.607142857,48.48214286,13.125,25.625,0.58833531947652
"T824A",12,182187.5,0.432474048144023,0,61.93181818,5.113636364,27.61363636,0.473092218693285
"T824B",6,279374.051593323,0.590391137287509,0,61.07544141,3.451043339,28.81219904,0.702734090909091
"T824C",17,335175,0.555192660550459,0.958627649,42.83551968,18.56710394,36.02421796,0.585066864784547
"T830A",15,330364.188163885,0.549998185365854,21.79824561,39.69298246,0,37.93859649,0.581456140350877
"T830C",63,386000,0.524240932642487,2.423018677,49.01564866,30.18677436,17.74356386,0.547393617021277
"T830D",160,383093.75,0.640846172064626,2.423018677,49.01564866,30.18677436,17.74356386,0.646105359532001
"T830E",76,365156.25,0.803741911188306,17.2094613219737,37.8724063253947,3.34836819139473,39.824442956579,0.817850980529855
"T831D",35,666373.493975904,0.687955497394012,0,59.44444444,31.875,8.263888889,0.724109697933227
"T831E",5,750318.664643399,0.744161164263576,3.223443223,9.377289377,6.373626374,74.72527473,0.91232131147541
"T833A",18,277937.5,0.509443229002616,2.077431539,60.90651558,16.52502361,13.78659112,0.522947481773546
"T833B",59,321084.337349398,0.57731429174484,1.245640259,75.08719482,19.03338316,2.939711011,0.622494736842105
"T833D",52,302375,0.934454109239748,1.245640259,75.08719482,19.03338316,2.939711011,0.962971204501044
"T833F",26,350250,0.748589904046725,2.077431539,60.90651558,16.52502361,13.78659112,0.748589904046725
"T834A",30,281319.277108434,0.493265194805195,3.907563025,82.10084034,4.663865546,9.327731092,0.567719583333333
"T840A",21,261305.007587253,0.475525164046057,0,70.51993942,8.480565371,4.745078243,0.530764444444444
"T840B",109,417175,0.81647861974803,12.37263464,35.95342067,6.877729258,41.81222707,0.83689058524173
"T840C",21,459397.590361446,0.657686652759949,12.37263464,35.95342067,6.877729258,41.81222707,0.688559228650138
"T840D",149,481750,0.680977685521536,0,21.01865136,0,72.30989957,0.706724731182796
"T840E",32,361096.385542169,0.923740368947114,12.37263464,35.95342067,6.877729258,41.81222707,0.912610966911606
"T840F",55,410000,0.609434034809662,0,38.58490566,24.62264151,32.83018868,0.602164414414414
"T841A",8,173456.752655539,0.554072285601888,0,41.45818442,41.02930665,8.43459614,0.633423780779918
"T841B",11,281875,0.527169844789357,1.803278689,56.2295082,22.95081967,16.8852459,0.536994575045208
"T841C",12,320825,0.563685227419853,1.803278689,56.2295082,22.95081967,16.8852459,0.577777358105349
"T843A",18,313000,0.73924220859528,0,26.38504155,51.10803324,21.32963989,0.73924220859528
"T846A",5,660000,0.707578787878788,0,14.42041043,5.823627288,78.86855241,0.707578787878788
"T846B",8,511411.229135053,0.619326601232952,0,14.42041043,5.823627288,78.86855241,0.664105989336493
"T850A",13,333474.962063733,0.608217391304348,10.56625803,36.31056626,13.25160537,39.87157034,0.612889552238806
"T850B",59,390525,0.540765514395745,10.56910569,26.59698026,2.113821138,57.97909408,0.600433766233766
"T851A",45,346000,0.738875856026522,0.69777584,69.29786306,11.25163541,10.29219363,0.899871794871795
"T852A",7,275000,0.589162073170732,0.199364525714286,69.4833338171429,4.98466447857143,12.5487177728571,0.607431226765799
"T860A",45,391037.5,0.737797723577236,3.235470342,46.97423607,5.512282804,42.84002397,0.737143243243243
"T860B",26,351750,0.3498442214445,10.56910569,26.59698026,2.113821138,57.97909408,0.3498442214445
"T860C",25,354000,0.513168316831683,0,0,7.530647986,92.46935201,0.513168316831683
"T860L",90,404750,0.749996270102693,2.912621359,13.03744799,2.357836338,75.17337032,0.747984724938837
